,client_id,max_dpd_6m,max_exp_csh_6m,max_exp_hipo_3m,trx_out_sum,trx_in_sum,cnt_hipo,cnt_csh
0,T6OF4N158J0FRMAR0GVAN36HKHCH68BZ,811,2448.55,172564.91,-65661064.13,133332.36,0,6
1,98K8B9GHF6X26BUFXDEW2525NUH38BY7,134,8926.89,276956.97,-25318455.64,300687.76,5,4
2,X592PAQIHFUBW16675NREVYGOZ5ZL0E3,855,9687.76,490100.95,-68116698.57,379686.67,6,7
3,TNVP4OZNZHNSFV7RJC71RRP3ZF7R4SS7,462,7895.96,75265.0,-23450736.54,227212.67,1,4
4,IKK7H5IBIWRXW9AOEV61H7TYWJN7LOTM,483,815.55,420729.5,-49938239.53,489598.08,4,4
5,0T40AI9S1LKWGZXZ5EHLYA55I2XWDO50,484,933.82,104820.97,-41575354.32,304406.67,7,5
6,QT3FQBT9QM8LZ916JT4WPA38G32CNRA4,701,1454.53,393577.54,-32111832.5,721.19,4,0
7,NHPQ3D7DX0XX4PO9358UJ4X4IX811LGH,956,1379.9,74382.19,-56742363.39,284627.93,3,5
8,84CXW1RST6BK2XU5SMEC6Q6LF2GR7FAS,362,6435.73,255917.89,-30698510.51,314314.95,6,1
9,L0A2GCCWK9LZOOY57FNDDK6GQOC6TRV6,505,5707.72,168315.0,-13491339.06,334953.73,8,7
10,TWG0GXEHDADDRX41W9LP63GJVH8DXQUZ,475,8771.38,319279.98,-30563060.33,221463.4,8,9
11,3SAXYSP0J6R152TRXDKXA96SDFPHE84X,548,1016.8,16815.38,-16928495.98,367215.92,3,1
12,KIX0TUXLT2UGRCVTPLVR9G9CE7R8CHF2,302,7248.86,71211.59,-64863350.46,258579.77,6,6
13,O8K08WCT9UF4WZCHP2V0FCAUXQLASKKD,301,2819.35,484055.15,-60791770.38,179572.43,6,4
14,CRHZ3BVZZJ5BKX6H0Y6H1QJ9HSOCK028,211,5610.52,384302.35,-21279633.56,227952.59,5,3
15,2FGEA4V2ACM9OV9A4K5PGBKW2F2DLXBB,453,5510.17,422420.71,-56105773.09,130209.6,6,4
16,CJ8TUTZVWM7I52CJLLR1AVNS6ZNAURJC,656,4021.03,211538.08,-1818675.26,135464.28,4,9
17,QOKSWZYI6BE0700OHNWD62ZO6UETI1JV,835,9745.35,82747.71,-19369448.91,332482.97,8,7
18,WLT26VYHYBUXZGMXTSYUM3LPQ5FX3DC6,984,2997.23,333877.81,83387.21,259453.5,5,4
19,DVTLFTQNS4EVS9FZ27ALPUJUTHWHUTL0,832,2349.2,378791.67,-61604057.03,283650.05,7,7
20,76S8G4WO16H5T41GBJOYGVS05TFUGV18,290,711.14,12564.97,-39568900.92,314278.96,3,1
21,4T5KQR0XJ7ELUNVUDX6E11W2STU2RCWF,621,161.17,64379.1,-50278082.8,125956.78,5,3
22,LO6VIXD2AR23TDQRQ9ORRDYHFTYM5BT3,875,661.48,162651.76,-21233410.25,243148.61,7,4
23,0MMNQ42DNON7VMQAF61AB9PU9JAE7MS4,196,7899.62,150364.89,-42391887.03,368069.9,3,5
24,4L13QZ843A9WXYZXD2HAS7BDXU7UT5DF,872,3339.55,489136.43,-68441804.7,457271.26,4,3
25,UAOML09BPLBMAKDG73K221HXGE0KR6AW,205,8840.39,38779.31,-34269491.38,233123.4,2,6
26,1V5VEOKVVE4GMDU1B4HEELS98ZW5G7PU,310,2362.3,152908.11,-20054993.34,352133.25,9,4
27,UO8VCDATK4K4NS81A76EN7XAV83O2E9Q,827,4387.84,157884.66,-47123493.67,446544.65,5,4
28,EXHQGM5ANHR8NDYR1R28CMY69DLASD2T,355,5938.02,26835.49,-7227134.84,450628.36,6,4
29,Y6NW0B3KR539KGYS02H6WRGDJVH5LWXD,439,9201.91,11672.97,-3311379.4,89513.05,0,2
30,44VV3Z5QEDPL3W30A7XP6K5GSTN1E7RO,369,6373.65,372539.43,-68997070.87,259995.78,4,9
31,ESC12D6KFJYFGLPTXJR660UPV5RHEM26,780,826.39,39152.43,-3314676.58,285146.91,6,9
32,U0V6JV6GHX61HV8C72AUAMMJGW8S32AK,282,2747.34,161258.2,-31988967.19,116629.74,5,5
33,P3JOND9WA5FU6WD01X88HPS2FU9EFMBH,560,8105.14,101429.09,-52677678.1,175419.05,4,4
34,6DG5AY10PSQM8A9NKCM519Q5KMYJRN6Q,784,8769.6,441678.17,-46020216.77,491562.77,0,2
35,VIMXCBJ36ARCOJWIB09L7PDNRB9W1483,70,246.0,170565.25,-17150623.92,27892.32,9,1
36,PHIUUFWFOE72J3AY6TA2VPSP2MRWGJQT,677,1412.56,187596.86,-17263434.47,115435.95,0,5
37,9ZPVFV03O68KTSY93LEMK253MEGGSDJQ,968,4262.15,457339.75,-27819173.01,128199.08,9,1
38,LAK3CKQBMCR4V5UJ402MHFZ5970NIDJW,925,2484.14,247164.48,-40244720.22,145578.04,7,1
39,5RK9TZ5G1WDG7939PUDFT53W83PVV2TX,877,3727.82,134287.36,-43535507.29,445841.15,4,9
40,E3QIIRHU1DQ70OHPAED123MI8B2WCYZ0,415,1552.51,299722.71,-67689798.67,188860.97,1,1
41,RVOCWMURO5MLAJOLR7QZLM0HH85DJLNN,647,7303.5,201544.64,-24998592.42,262845.63,4,0
42,PIPT3LDB0VKL0661MW25G244UY5SZQ21,344,4227.57,312924.68,-68849538.1,283108.31,7,9
43,TYKWEIGUTNETFMQ1FZFJL4O8WG04NZNV,552,5190.98,84226.1,-10805859.73,165616.97,0,1
44,QY44FOU70BFDSWGJ5PI9F8SH0HKMDJI5,797,4946.02,83011.94,-9618202.55,438699.81,0,3
45,20MIOB6R2LQD1DAXUHXZCJYSTVGVQSKB,605,9783.59,110258.32,-42002976.62,305293.13,8,8
46,A1G54DA0Q8II4FCH516DFFQKLL2SMM83,352,8106.91,102322.48,-37521033.98,253502.81,4,4
47,17UP96ROG8MX0KFGZ98NJ7EHBD3CP1YU,292,2960.56,69858.42,-30402001.09,49608.67,5,4
48,GLL0W7C5GKHB1SBZ58DDWHE2NL9XT6E8,221,1716.15,237738.45,-5177240.03,451298.34,4,2
49,JSC56MJDKPUI1OJNH47ZBVLEXCP5PKLZ,3,7138.86,151365.24,-52563441.14,135841.64,6,7
50,9TXGPIODLVWSAAXQ7S8P5X3C8H0HC3UY,909,6504.2,56517.05,-62522914.99,46715.36,4,6
51,KS72MIVO60AL2IXQYD01CUP8JOXXPO0F,848,9385.18,84768.74,-10613006.45,473577.49,6,2
52,K0RJD9V7BE4TMKBRSST50J4B0O5840FL,381,1777.04,166496.35,-9114174.27,385803.68,0,9
53,R4HAQVTC1ZVG9N1WNP9QLWDXHYM4LDUM,412,56.28,89352.28,94026.65,378575.69,9,1
54,VY6DAUDVXGZUQDZD9BS95IN29TACO6DL,11,1965.44,331763.31,-28107662.26,26702.75,8,1
55,2CSF969VPX23SAE81LS2YASO8G9BRGAI,554,4491.17,110621.56,-33796653.49,104308.62,5,3
56,RB0VHUDFW0CKFY0IQMUGIB3RNHRB3G1E,994,5128.12,86386.54,-42927543.48,143106.42,1,9
57,89HA19W7IH5PEPIEZL5PSZBZY967ADXD,66,9768.33,35887.98,-58901673.78,167219.01,1,6
58,2NXHV4M6OYN1Z26BSJLK1V0NTE571ZA4,538,2760.85,439281.7,-52916538.48,27466.68,8,5
59,BE1W3SYILWQY85RJEI30QWOFJZBHDD4U,584,6973.71,397164.35,-58425837.45,164088.67,7,4
60,QT8M824VSYCK7WT6GM74G8PNNL43TOQ5,591,9924.22,4632.9,-62138814.36,59036.88,1,4
61,VH790EHAQ49U2PQZG5UO77X63BBK1ZJ5,380,3662.43,37152.0,-39707248.88,168038.23,8,8
62,REFMWAJX8YREHTULKVUK34635MVTGY8A,883,9890.99,342924.05,-31199119.01,44781.17,8,9
63,ZC2KNUU4FUZSNTI99RWAD9S9Q8P58PSY,84,728.06,126996.79,-53478620.11,10833.29,2,0
64,IMLYNGVW8EYX2ZRBPU6GSSASH404E2RZ,959,2462.84,248393.49,-27981033.44,234061.37,3,5
65,RZ366IRLXE9TJGPR4WIKGXD7LN8CWDH0,901,1572.12,190034.83,-36150363.49,465885.32,7,9
66,1B9DNA5MA3C09C8OSLKI9OTOAT97867E,520,1600.46,189889.52,-14137734.51,191242.81,0,7
67,UZCYG2RT9HXEY8UG62ICPOYL1LF7GBEJ,168,3927.85,85787.08,-35367893.09,109124.96,5,3
68,3GQY4409RU0XXHGE489O6D3TFZHUI410,801,9567.18,41391.95,-60100548.97,51292.54,9,8
69,N9X20XTISPLOVCHJH8IOIST3EV8L0QEF,703,8905.67,472270.02,-39231959.83,254801.23,6,6
70,LQAK0JI6AQ5ZJ9W5DAMYXL8KH146KAE5,732,5758.63,422358.01,-15683303.09,25691.89,9,2
71,EBLYIE0D4C21EX2IOK1FQ0X4BQ9AC8WC,864,8907.43,72012.45,-1647885.51,387788.38,1,1
72,51247EZSP0WOFF7KWUPCKX7OTILP9HL2,125,2046.81,373567.41,-56036629.19,237518.0,5,6
73,X4RO5GK4IBX3K63BYWXYSI9HYOFS36S3,896,2350.83,471691.75,-50333553.81,401865.3,1,9
74,G23IIV18IC9CB28QS64DUOXX35FR24MZ,879,3193.48,52965.71,-65508450.53,110166.33,0,7
75,9RILTGQAMA2MTU4N719I5PO1IYFGD57G,279,8853.3,335441.12,-56798706.94,449268.56,0,9
76,N51P85N8QIF3V7W336GRFSWY2MRJFCP4,570,643.13,456892.41,-57062160.66,94576.96,3,5
77,I05XB1EM8W99XLLBJX34ENPQ9WGRV078,504,1985.07,135813.73,-67042465.76,235513.55,4,2
78,6NV5MKXP9S3F99G4NVHZZ0P52N95G37U,299,3874.75,466308.35,-24033543.94,253132.73,5,5
79,YW3E4ZPZNPQSEKN6JL0APB2AMT7W55NN,933,715.72,443768.46,-47217577.63,105323.35,2,3
80,B171BL3EQIGPLOPGTIFC5KJQGO9P0VHL,320,7111.18,349976.84,-48992864.33,286644.93,4,1
81,T1UDN7X3JK51X41AELMR8CE2ZLB4ZZID,880,8258.93,383201.19,-33284038.35,459205.9,5,3
82,KZSSFTDUOT011XLRIU5J1OIPTSQAH4D8,181,3564.7,13804.53,-61673008.4,82940.37,3,1
83,YFYCUR7M23PH0E8NPYP0NQIIZZ85Z1YV,336,2466.86,339757.89,-22978868.13,464684.29,8,0
84,QHVAFBDJA5J24NOLVYRNCIEJX6EVEOXZ,695,5094.29,80321.61,-8416279.9,324182.57,5,7
85,PRUF5FBEW0YSS17YJMV7ZRY7N1M3W1RP,738,1381.15,290059.3,-62181314.26,87749.09,1,6
86,8KH76MG3FHLYTNHN7WH6K56C167838XT,746,5952.06,265484.13,-50913419.96,318191.75,4,2
87,I2R5LPOU047P7MQ6BG32DC3UTDGNOX8K,543,4246.85,214736.8,-66063819.31,421730.32,9,6
88,FJQGW1HNRS02V57SFLH7O23KEQTKQS34,394,9517.05,259574.84,-56396049.58,56343.37,6,0
89,VHFERXGHZCMNR5EN8551PKX1HSR1WO0M,758,5219.22,319466.17,-54455889.17,393250.0,6,0
90,ZENESKKJJRXNNTREKM8ORQHVRW2E6FEI,661,1921.35,349517.35,-34534796.22,31439.39,1,8
91,Z3NDJQJOH4GGV13V9WWWVVJJWUMU56W6,313,9471.55,234508.62,-62020413.32,486500.07,8,9
92,FA9TJUCNCQWETF9OF3DS71XI9GZS4074,826,4896.38,334051.43,-9374227.46,80199.89,8,5
93,JV0ZGALXGWLTWMYEVIK32FEVWWR16WBA,4,2576.63,457925.11,-57536630.06,39328.66,0,6
94,0HN96UGG4FLOI2NBH00XJPLLR7PB1GN1,288,9657.93,76521.92,-18548024.92,449654.89,8,3
95,QJISFNWA1FRG4OQWS8ZT4J9HU6XSFTJ7,159,1505.81,364164.33,-68314113.56,412945.11,3,9
96,P5JYVDEF74G3SSA6U9Z1AIHSMB1KH6H0,111,8706.7,466460.81,-54982130.11,258171.55,7,8
97,U866GKXWZT3H4KH8S3M9DDAGKU4S5W6L,622,4166.41,156973.19,-24874220.77,127361.48,5,7
98,I3LBNZPZQ35Y5RG3Z578JM00E04DRFVV,2,8397.61,286650.65,-34218571.15,82781.67,1,4
99,YERI5XA16JRYP3SXJ2VXCWGUHMH08E5P,89,8072.6,81047.65,-19878232.78,425470.0,7,7
100,BMJQE3UNFOR0IAG254CPMDX784Y9T5N4,563,8855.06,414067.84,-50160887.54,404715.84,6,5
101,4XYNPAAGZVPO6Y5NETX6RT0NT3ORN68A,992,5958.63,244856.75,-3009743.24,77335.9,5,9
102,CG5RINCTQ6OKMAPVY1OECGLOY0Q5CS2A,272,9235.74,89948.03,-10022587.98,318677.09,2,6
103,2NP8FB5WPKAC95WOADI35Q0M2ZU7V0LD,477,8423.31,430718.65,-52794481.99,295319.89,6,2
104,TAPSEC5SOGSC8DXJ5CX9BOFUJEW2NMCD,423,1056.53,456375.11,-3211048.9,391836.43,2,2
105,RRMHB2JO2Z4PDY28QNGV4GAPQ4358FFC,343,4690.39,371542.4,-66670512.8,347207.1,2,5
106,ZNFZEFROPS7NYVB39YS9NARS6XIQR3UG,417,1870.9,330254.75,-50521455.32,296244.2,3,7
107,C09HQBHU22WZPA2FBLCQUAJ8ROARNGM7,507,5488.46,397375.54,-24321913.86,139930.14,7,0
108,YN8O5475NTR0SX17ADFMG58U0JN6TST2,326,8796.33,155678.78,-52264428.01,313566.73,6,6
109,N72WW8XHQ0ADEC4OOWG9MJYM36Y37FGZ,922,5268.94,230620.88,-2195446.52,3929.55,3,4
110,8TV9Q5LY6VKZDKQA1TG34QMKR4NG52EJ,930,5637.66,162237.43,-14256915.4,191912.17,6,6
111,9Q0S4KEXJD420AUL9PSUU8EP9KCUMOIV,815,354.77,117894.1,-4786774.05,482669.57,8,9
112,ENX13LXPRKIK1KSFUBVZADW2I93BAZWX,606,2996.35,414845.72,-45272682.16,467438.51,1,8
113,0030AU41KHE613ML7QLO8WATGWDP7S6Z,812,1878.15,14827.73,-64941721.52,149239.51,4,7
114,EP8OK0CQTY5MV5YNGZJGAO6E4CLOCP5W,330,4531.82,228162.67,-33728814.35,266467.94,8,3
115,656BFUEY1VBSF9T43H8TMN8F0CCXI0WC,936,9525.54,391293.81,-49093935.85,421152.2,7,2
116,G9MK1EZZ6BQCQJJB60ZDPR5VFMRO42HK,387,5707.75,403253.07,-29185388.96,151186.78,5,5
117,Y74M3PEKZXH4MW9Y0PTBEGPGGC27ZP9W,999,9356.95,95203.94,-29245505.98,479031.34,5,4
118,FW8W8CNJYHQ0EJC2YK4ML1EB6C3D1VO0,894,8378.72,435410.67,-50510660.19,364365.86,2,3
119,YNURN0H6WYNXTZHUXGUK8XBLUSD6ONX7,442,923.0,261476.72,-49971122.76,16857.73,3,2
120,4SWOEFML0RE6N84ONMIP7N4NPIKB0KZA,585,6406.61,188165.47,-20979308.44,21323.99,3,5
121,V45Y7U1LCTON17YK3GZTCFNQXMIZ1NXK,232,5030.14,60602.11,-56661385.11,211351.0,9,2
122,3OVQESY309E6FM9YDMIPL75D9B923VAX,96,334.53,311570.33,-46608759.35,32562.31,3,6
123,N72XNO6FW00EJUCZRVWXAUWMUHH6YLT8,45,9639.87,337600.72,-65491928.96,406640.39,5,3
124,L1XHCJ72PM1QWW7K9TPLX48O69SW9L7A,884,64.34,290410.86,-36430175.36,412299.29,0,9
125,MVSSC2SP1JPJN58N6WRM5M8EQT8XODO0,430,6960.88,223787.33,-60604926.35,458008.82,0,6
126,ICKF498ZEBUVLDPFVHVBCTRRUKUA3LFI,386,4888.17,308762.52,-5736582.78,364774.47,2,1
127,5D3YWF9DALZ7NYVJNCTISV4UC9V5JX6Z,565,8323.23,332124.08,-9599975.74,4488.35,8,2
128,12KYRE1OE1ERJVK4E7PB1EVCQ0VTQSJI,870,2183.33,160165.43,-11821673.1,301724.62,6,2
129,UX4RO4YOHZI9RZFXRWTP71A03ZSN95GT,667,9897.2,234984.58,-44711719.11,192599.58,0,4
130,6GFPZ3IMQZ8IFDOZZMMMZ3L0IR8BXXHQ,510,1862.74,403111.08,-29465931.39,390690.61,0,0
131,HIQZDOPMEMIBUOVPP1DKRP3M8Z7NP6CK,376,2584.16,257330.14,-41755373.58,44701.76,6,2
132,1HVPIO1XG2U1NEDS7ERZD5X1P9KLZXF0,851,2757.79,464580.98,-58775740.66,30268.77,9,8
133,Y39SHVROLSK92S1L6M4Y2UNH7I6M5EPK,191,2278.34,377955.51,-51312407.52,302687.98,0,0
134,96D9CUUQRKZVIPLCK5IZB3UYQG855N58,92,306.09,416650.51,-68416158.37,483128.69,8,1
135,O5AKHIU78R3EEPNADVIYU7OYBAG4R4QK,983,7727.98,201533.68,-22361692.52,475911.54,0,3
136,Y4HWWR32LB5QBUAAJ5XO9VHQSAQW9112,243,2484.74,172680.8,-40941994.25,382702.63,2,0
137,64954A9S8P1X7ZHLF6JZ75UK5EN0G60M,596,2240.74,51087.18,-10154882.07,157130.4,5,9
138,WFC04P4O4EXKI1EMNH17MJL9IISQEV15,704,7461.16,156262.16,-36699013.13,320634.07,8,2
139,145CBYEM5JHR2383IMGL7OCV6W22SCPY,113,5521.9,181124.79,-32082727.14,463831.6,1,5
140,YX8YHH22MXZC16MON1XXDOIJKQXBMANI,650,9358.02,399690.26,-53143577.69,174341.07,2,6
141,GVNKDRIMJ74O7WUH4MRR964S19WYMPH4,710,850.13,172086.98,-33131768.55,278272.5,4,9
142,GDRJAH6LZMH3ZTP92P4TESWYP9KNE27E,649,2978.79,395419.91,-5898992.68,138281.25,0,0
143,36L2UKWJR20HMPUUQI6FBYA228OWQYFT,141,7239.48,114073.0,-59126702.48,436054.38,5,5
144,S099BWRSJDTFCARCFVJ5TOLOEKCCEUEH,754,8150.79,441741.35,-46606604.98,344734.42,3,6
145,RYJBK5BYIFSUHSJ7TTQE207VNPNOG7BP,339,4388.76,342647.42,-39097196.85,32655.51,1,3
146,K27LQ8ZXZXNWQKO37JDK6HH3TV38QRH8,244,776.7,45025.51,-23474073.97,188690.15,2,4
147,SHAQC6NRN5T8XFB0G25E2LL136ATBG9U,809,4065.54,287654.71,-14074255.14,390201.04,6,5
148,7Y2PBI8Q9B822TWDXQ6PKJXVLMGERL0G,844,7363.38,236764.36,-39395667.71,458482.13,7,6
149,77WXPRN2GBW47A64PFXVEZKH10ZFS7QX,390,5703.75,470572.22,-37176461.15,149194.67,4,6
150,8SXWRLIHRXR4YV28E3WQFPB258R41PVH,940,2295.4,353716.31,-67371977.31,171630.39,2,5
151,T1IV0FOQHZ2TZHIVDFRETWOTNLCLCV0X,530,7793.29,373126.75,-43842443.38,218965.26,9,0
152,4ZWLGCQMGVVH96LX97O4JHYE8EUWQFGP,273,3417.86,448765.62,-65137522.94,114883.47,9,7
153,AM6Z1GXRT1T8PMKXIU7F9WPQ0VGGQUKX,106,7982.2,239586.3,-61812244.7,151741.85,5,3
154,VNU70NMHZAAOH0VZ8DAHLHCHVFK4XNRI,491,7351.19,117372.21,-13092483.96,44658.04,6,8
155,EDZBFN918FWOTOBN071OY5IU5Q4PXINS,110,2819.29,495399.77,-39291438.24,117537.7,6,9
156,XHJS3UHEGTPHSFL73UZ69VMI7MFG22DH,608,978.23,323197.25,-18936532.78,315208.58,2,2
157,3LZ488BVYP01AV5BB4F5TR8O4QS0SMZ3,476,4242.12,4594.42,-45662657.72,222729.37,1,6
158,RJ0ESE1E7YQ31BZ8XM6WEU5CCABNGW33,539,8385.3,285025.48,-52309234.69,55881.16,8,8
159,4J3LULY245YCNJ9UVI677SVCPKIKI0ZG,7,836.16,447005.91,-65701443.53,338919.33,2,8
160,TFD0S6EIZWZP0QIZYYSU68R2KSXPAIET,692,6122.75,39621.43,-64237205.37,412425.85,8,6
161,ZPMFNHX8OCX20VYSDYEVGYW2CGUAPRH4,726,8964.0,55410.82,-48888286.93,70481.25,7,9
162,SRQI9BNDAKCPSRH5WSX222OOHRIG223Y,265,2709.33,135703.68,-6101906.39,79308.88,2,5
163,UWU3VZ9P122TGEH5N2OXD3MPPA8FF7O2,120,1037.64,479878.23,-67899084.3,336832.15,7,5
164,47HIO7O7KMV6XAT7LEQO0ULIRR1OPKBM,926,2713.75,290818.37,-24414321.4,452487.5,4,4
165,8PRVOOD6Z0V73BIX5D9N8VTWMO542K17,393,8248.85,15981.69,-25668391.69,439942.14,0,8
166,7WLTHJWFA5OQXDEEVXONAZF8Y82VW4R8,261,4398.08,372521.35,-57121774.84,119365.88,3,6
167,YE8MC21AJ511N0VNNNV7XVPNERXPMFGY,882,2183.94,65048.09,-55725458.72,383668.21,2,5
168,2B7VWVEXGY5KIG4PPEUU07FAHV23T01V,62,3229.65,78696.06,-19021815.66,162895.25,9,8
169,IDZN7BX2EUA7EMP9S8OB8CLT5Y9R10KZ,533,8869.92,69613.53,-19466697.53,213820.4,2,0
170,CF5AUIIRLUZPH9BQ99KKUSQWB5KYRB1A,185,1998.21,289915.85,-13362283.08,184543.2,7,8
171,L5F1FRNX6JKSKY5YCVYC1K0ROQSU178A,295,1192.63,43050.72,-49588504.17,167036.27,1,9
172,EPXKIBU27MNAT8OK0SKPJWGJG2J7L0H9,629,3195.79,145334.66,-28294481.45,320198.66,3,8
173,BI5A9K363R5MVPXVPL29J2Z94CN21DIU,437,7909.97,191189.71,-51055770.26,434255.55,7,4
174,RK19T1I0KK9HELU8BLSJONI4KRTB1YJK,118,7446.26,470466.07,-52016063.23,26871.91,1,6
175,DIF5QIHUCAGG7KT93K21KVWS3VFUR3ZR,236,4013.97,491053.67,-18830292.08,292208.1,3,8
176,GR20TUPJ50VYELLJZTQ0R8LSTS1FJF3F,988,6494.02,45303.45,-5204535.25,375376.45,1,6
177,SN6MAYHEIQMUBBL6TXK05FGMOLJ5ZKNU,613,3760.11,405262.64,-17595002.37,180677.03,3,0
178,B5F5QE3XEYC7BCBX2NAFHP41YPR49C5R,30,7638.24,52726.32,-67142909.99,60147.46,3,2
179,2NUCT2I9X26IPQDGAIW6EN6NU3CXEU8P,626,518.84,13397.27,-34425407.19,283935.18,2,5
180,NN4XRR0URDMN13DUE0O5R2SGTINCE2RX,460,9263.84,130444.69,-65087686.29,216874.66,8,6
181,LZFQAXMOY16Y4MOZIVVNJBXHS4V7G5TS,297,6676.54,58689.67,-31023206.15,130871.06,9,1
182,L6CPKAURGYMZOORADTMW2QHFVKNXJIJU,526,1205.29,441895.18,-65180569.38,482694.73,2,5
183,4A19DANZP01A8J3FMQZ6WT84VXYYCVO1,252,8591.15,433133.78,-30478959.1,140708.28,9,0
184,NELRM5PGPGF8L1VZBG483AOJVTSR60GQ,892,7676.08,415577.57,-58065867.06,125043.83,7,9
185,YK9061C4OHYXWZOBBR5GJC224XY1CSA4,210,6672.9,10223.72,-20063955.86,234267.46,5,1
186,E846YWRCRPEBHG7KJY25KAPRZL5J3IBX,157,6298.14,439916.57,-50608401.08,341594.85,4,6
187,UX2SMZCX5HQJ4CUZXPJPBRT7W6DQEUOH,604,5288.07,250745.0,-63663714.09,427029.9,8,0
188,FKQRJCOL3UQFJ936SPBVIH9A6DFLVN5B,49,8508.86,283642.61,-9084594.18,178557.65,4,5
189,6S17DVRGTKMNEM0X8Z5YZIUMEB8ID00B,413,9111.12,159188.38,-18770707.47,132951.05,8,7
190,ASY75Y9Q8X2EWVVGPNCLU1R5KSCHOXC3,945,7312.15,124354.4,-63460437.06,257477.77,7,1
191,3YHTH5610HGSSEOWLZH6H3W2T7FK5IY4,632,8100.89,129441.34,-41917858.8,456238.61,1,1
192,SZ8P500V2FNUXF6V8IY4XJ2XV2OEHEY3,929,4234.47,332557.58,420511.5,191078.69,6,7
193,19MV567B4HDH8PPEFKVKCR2KL972061G,145,1004.3,39549.98,-17498719.11,401246.51,7,1
194,EDMIO1BLRE8RRHE73GO70BH2D8NX7ON8,709,3905.99,332739.63,-59873157.58,9978.05,1,4
195,9H6X8NRCKYWUQ47WD5RV95HSX15IRKL3,697,8601.98,418341.56,-58774941.33,30448.16,7,3
196,V39ZMKXZXI7SUK0BSFXHFF0GYKLDZZU6,348,2605.63,26903.91,-18376047.54,120898.91,8,4
197,78LJ1R268HYWVOPB74WE1HRV0FZ0YWZD,129,208.48,239780.33,-45097729.01,170949.19,8,5
198,PFPLFKU4L4Y1V8UH98KK9AKICC5QX6KN,989,5234.79,274321.79,-47666021.73,391194.62,8,7
199,1MQ5HSS9MO9YOBL28ZAOOYXTKQK1G3B7,112,6158.8,481298.06,-42890518.26,255706.19,0,8
200,4SLGHSA8TJGTCINX4536M7H5U0EV73DT,99,6357.27,164886.34,-67706786.16,270609.89,0,9
201,KFBQURQD4EHSYUYQTCUW6CT3XPRQ73RK,562,2701.21,475796.94,-37312740.87,463909.71,5,8
202,R2FZUETLMIWRYZ5US2ACWC8D8E73VSF0,108,3873.74,151597.02,-26628529.8,396493.28,1,5
203,WGE176IMZMVX54YNY7S5VX0ZMOAN32BM,644,7755.71,276971.86,-47562581.94,497138.2,0,1
204,Q4Z7H4QF0FI8EO7VPGEL8Q9E8AOZAYX0,575,8345.0,100764.36,-41428002.77,248921.96,2,5
205,59L3A3OZHTKZWZBND1WVFYGIS0CXBK9U,785,7051.66,53918.75,-7232039.9,406797.64,9,7
206,CJCC1YBBBVPCIY1UZ7X1YZDUGIAAWIC8,724,6507.47,387966.41,-61325728.21,48143.51,9,4
207,VK04BBT332FGRF47SJZGPEZB9VQQ1TJ0,174,6363.05,290345.91,-66678911.21,370838.98,9,4
208,2JZEW0TSWR33BZQLTI2MBHIYT8ZB4SQ2,687,4436.16,163731.3,-20895307.06,354570.5,8,4
209,SD3GSQFM55DII4MTN6W5IWEHPFEKMRHS,337,7617.51,301267.64,-58720956.16,260009.71,1,2
210,ADM63MVPWKM6100C89MAXABX4OEWA7H8,33,7407.48,424.57,-16207297.94,182288.22,4,0
211,O77LOSIISJ8HEWNM1OJ4EABDVVQQBJ84,398,6939.91,446410.07,-39050122.97,463039.69,1,8
212,6OUE75YQY7FCQ7FJCVT91AQA7EN2OX25,397,4923.34,288140.72,-25565890.01,145231.61,8,3
213,DE3PSPR9B0Z0V1ZKZ17D3353QPFPY763,377,5546.27,326839.99,-3030169.98,158787.24,4,9
214,Q4XH1RS11XFLV31AS7LWL1NEQAM585XJ,995,4265.12,616.0,-45896391.88,290921.31,8,6
215,5XH40H477VGQCEPPUZTEKJSYJVYJBM98,22,1406.36,313213.3,-56621731.36,78200.02,0,6
216,E7863AQUHXR96AM6CHJPS5OSKVYE0BAL,432,1274.85,56974.92,-20694678.01,130443.27,2,9
217,VMDX05M9PWLBDIR8SGLQHITZXORMPAGU,293,5969.15,204639.47,-61560866.49,399430.36,3,0
218,CKLD8HFJ4TX6CRCNQX6XX45U5UR7OYVE,27,6533.91,120094.22,-32769820.34,265452.34,4,9
219,7ZMCOTIFYJCPH1IHEIZDD3NV3U1WY5IZ,363,7967.7,39961.97,-20827675.25,113453.09,3,9
220,QPI2TDNWJF735HSLFL35YLLK2XPESPO8,350,8818.99,295227.73,-39438203.36,368936.18,5,1
221,8DUL8SU8TOVEITIA9OOWK9ZMBV2WK83A,228,8470.05,271974.37,-13640490.18,160702.11,5,4
222,KVSUDGNBYCFEFFL8W3SC8T83DTK4P5UO,619,4701.72,344325.98,-1619049.11,21318.51,9,8
223,UWIQ2XF4N6GND0FA1MN9TRK3M4SIQ3GN,592,8239.97,420757.07,-5422617.08,52036.13,9,6
224,00IC53XXZA3DB8HQ7LXQEON9NVR7ICZI,698,3522.08,68753.58,-29011032.06,115974.27,3,4
225,FK2CR35LP119D9C0L8X5KI3LVJD1DGLC,65,3540.72,499693.66,-46186606.11,147528.63,9,9
226,HFQ5SWM88QIO6FRXZ79NCKD2WSY4NWO3,199,6455.67,18812.06,-57550842.96,304332.51,2,1
227,UVD72YDY17WTSDBZZ2XV3PT7IAYCN9MR,718,6554.94,366055.25,-41126774.34,305773.66,7,1
228,PFRGVX3AGU73Y79M6VRWCLSUJY9PUHG6,28,2077.12,131531.26,-23510413.66,310796.97,5,9
229,96IXU1BQY9NY0SUWN4D4OAKR751D6FPO,730,7827.38,43291.71,-2947367.05,427230.29,4,0
230,I3FPDGY0QHBCCFUTRJJF31GN97MZGP9M,238,418.48,402257.08,-13814948.84,93004.23,3,0
231,1BC8JZ26170LF91E8PZ1YHO2V965OX6G,602,6587.03,439616.21,-32200514.61,160326.46,4,5
232,RXJIJWZ5GDJKKF6QX4ZXL2AQ0O317J5H,370,1807.81,165523.72,-6494564.61,451997.03,5,8
233,2770AJTJJWDKU58I6BWY8VOXZID84A3U,588,9809.62,465955.53,-21618526.09,438217.57,1,7
234,HL2SESTUM5CWQYE5G5FIY1SI2DTG9NBN,253,9210.59,20537.3,-55363753.9,368998.3,4,9
235,FAIV75YFZ615W0Q5SUNQANPTG7B46KYH,654,2248.27,442098.96,-51771651.55,72210.86,4,2
236,FOJVOO1W1C6KZNY1FHN0SZY9PLV0AASK,891,9218.6,39562.12,-7709533.98,80490.43,3,0
237,QLQ4EE2NBS5ZWX75EH7ACYKLZSYL80OY,43,1100.45,137223.87,-19283631.72,99205.12,1,9
238,YLHBRSBG8P30J18FI69VZXCIRQO45AW8,633,1079.72,120406.22,-16954336.13,258481.55,2,4
239,LHASG5KGZ9LOTCXOBNEDHCT2KZP5R0SZ,14,8674.16,442522.55,-39323483.15,332536.07,7,8
240,5MCO46B7Y14MGX6FB6DZOWT40Y6K10HQ,25,8487.9,22948.45,-51384234.66,240894.01,2,6
241,MRW3IKF55D9ECA6WDT7D33U2VUY1DCZX,799,7448.02,129847.28,-443508.63,139348.47,8,3
242,PD96IGX00FR30ZXNXCO8HPZ7RTM6WR8L,367,5540.01,333113.7,-60524353.67,439153.24,6,2
243,X0P873T3U2X8B0BVWBAFJLD2UCQ0NED0,81,9437.59,147103.73,-45157690.96,488848.45,4,5
244,6V8YQPB4WU21RXBQ7WQBJ64MA2FIGNFC,509,353.1,87334.41,-32908708.77,170067.21,2,1
245,2N4FKJ593IEPB3SB91WS1X8P1TN8ZUBD,823,5506.77,294693.48,-66354908.74,201319.54,5,5
246,ERAQG2KEWBN7S451H05APUKWMT9MH4Q8,683,9792.64,322748.16,-50656282.03,114705.48,6,5
247,WJT8H8JPMBLPU0GB9I6FDDV08R1EKYD8,753,8993.37,113104.84,-35181730.11,100021.54,5,1
248,IA3BXMPJW3UFK3J0I96TACTCS8V5WY8C,818,9349.28,327501.04,-19873716.95,330579.07,3,6
249,JS2YO8K34RXUXHOA630XCXJE7QDOTCY5,58,1052.04,12683.7,-21485021.99,413090.77,4,3
250,DR0M1LGUCD42RQ6ZFIN6H2VVOXEL0SR2,682,2837.46,207788.33,-3751440.84,488603.91,4,3
251,IZ06P4FH1MA54E4A9O2EZOJVYO0MDJ4N,349,1199.37,457797.51,-16828176.84,296942.36,2,8
252,HP57MASN79G555XMCFG5USEO7KYTZI16,648,297.73,26965.49,-46652301.33,23188.53,2,9
253,JIQ39B6KBAAJDQBXFCUXK0TNPTOVG0BK,676,7360.61,333219.88,-45685210.77,391627.42,2,2
254,WTEB2AQRE4Y8VX6INAFSKT021WKW9QIT,535,6091.27,495488.97,-46995844.35,304111.2,7,9
255,8JEVYFBJIB5ZWOT707D5S1B8WLJYTZFM,691,5595.27,314896.63,-20050382.1,476298.61,0,3
256,RGUZK6OS8I3K9DNJ6A6IPIK96FUBLJ4A,916,4443.41,119822.04,-41951719.32,422187.44,2,0
257,LVJT2U8Q3K0KCTM0V83770JTYARI69RA,569,8280.53,72509.43,-63536127.06,267994.18,0,0
258,0VBV4DJHPWOHJ0K0B10ZKM70AQUOEQKS,351,7611.81,241736.82,-23814513.77,187758.91,8,5
259,USJTWM8YD836FC43NSELXM8Z0LUFFAZF,630,9224.33,84451.28,-11688222.2,408495.73,9,0
260,STOZNEHU2AG7R5N20NEPSNDGE9CH49W1,640,6689.2,463629.81,-56842415.65,107801.89,8,2
261,5WGMHQC9HD3VRTG6QORT08DI526PKFNY,149,5162.73,448717.83,-19338183.56,40886.58,1,6
262,7H2L9SS1WHC6MMUWET4L46QLKNEW4U27,487,8689.0,420377.19,-35358208.06,310016.9,4,9
263,S5VQU1MRCQ8YCM9ZMQH9Q5LWTZ6Z4B8T,646,1842.55,112983.26,-52620665.47,183901.44,1,2
264,21I81PWTRCLUGE7CRPFCPBWK7EZ1FO8R,166,3936.32,78809.28,-68712212.38,306264.17,1,6
265,48XJWX3A5U2ZPHWQW99UEXHYZV0WI7OO,135,7595.35,398455.72,-68248349.07,111493.87,8,9
266,NCRL9W8357AZ9ONFKW4FISWQ1N0JCKDK,319,790.55,330126.3,-29112815.64,287043.95,4,3
267,40R3H841SBRKSGO5EVQSB1DKM7T8ESQS,612,4097.02,224731.82,-9615837.8,40015.45,6,3
268,5IYLRDIU4TFBU63UM1GS8LM08WG488NO,48,2529.36,485175.58,145104.84,342993.05,5,9
269,CJ6RXXMHX7Q2BXDZYN01CFBCC9TFE4GP,665,5155.86,94555.89,-31831515.77,173702.18,5,3
270,HTTXXQFISXV6RI9GODORJ0RSTAUGP2AD,55,7730.14,83957.21,-25153080.37,10518.35,8,5
271,2JQO3VHCUYD2BPB8C1K870MYEECTW09Q,734,1063.62,81092.54,-9327699.47,298318.4,0,4
272,507PIF5GIAPM9AAJMZN1YVO6UFOLPRPB,107,2647.09,115902.61,-27065674.63,73847.28,0,1
273,TDL55YDPP7RYSHGWTQELX9QJQ4TV3SLE,407,6405.59,398199.48,-69383960.73,271229.93,2,1
274,K74RHLQOLWRW3FFBBLVXSZG3W3P2JHFN,756,9094.7,11912.5,-30793401.39,52111.18,1,0
275,RSX7A6TT9LMDNAG2QGWO5BNZQQQQKWMZ,921,6374.53,251753.08,-18406040.9,325885.68,3,9
276,R6NHIEPHFMPS44DURV8HVB208ZXHFI35,564,6421.72,8706.56,-42106506.2,398563.87,4,4
277,9JODISUEKCX7G2HJ3AG871CDV03QNFTL,903,5789.23,96549.36,-47522755.34,370441.43,5,9
278,NNZUQS4BZ19YOOSTU6EG5B3315NT11LN,803,3643.23,299945.87,-60678245.16,312009.01,7,2
279,BZJPP3HVHEZ3TE7Z8GAB1VBAM6EQZUE6,822,8817.21,172160.17,-37793877.97,282822.21,4,3
280,60ZAWQCJYYLXQQIDG6V05O2QS44KYE4E,717,8729.58,213474.82,-29462568.56,443188.2,6,6
281,1RC84HCVBNM32YQVDIO92I7PGGQKA2K7,950,4095.47,43373.11,-2045445.55,189580.89,5,1
282,JXLDXYJO6JL6R30POUEAEKKY5XHWAVX5,241,3204.78,98107.62,-512834.26,450616.13,6,3
283,RSD1SC2XJNV5U7A9MBCCNOKGRS4LVY9Q,793,7439.28,26657.79,-30028908.63,262084.98,1,3
284,L4SZ02YMSAUP1WE44Y7U28I5SKQ7E3OQ,518,9066.82,236579.77,-33484689.8,90106.41,9,3
285,0XIK67SIK6JPP4JZ4QDE31IZXTKSWDA5,828,4242.13,308314.22,-8908358.09,112337.97,5,8
286,D9YCPPOVJYONEOCI2XB4KQ0SUUZ6RGOW,915,9315.93,196139.23,-7294680.37,284686.84,5,8
287,6FZWK9FZYJFS055X827ZWPBOD7F16JQ2,513,768.68,322254.6,-55668395.51,422784.78,7,5
288,13R8LDICEJEPCJP8T7W12GDZAFUQ7SSZ,885,5273.34,35790.45,-55916823.41,35356.69,8,5
289,9ZSTAT803EEG6VRZR9TUJJV4DLO3KT3R,335,3048.74,145968.74,-9863158.21,247000.02,7,0
290,TC019A6YYSM8TMQNDAMU0OJ4KIO342PJ,972,2899.37,347872.54,-12555720.38,149537.32,7,1
291,G39CI1GXMTSHNM9HZFWG1I2TVQ258M6V,700,911.37,416384.73,-5109192.96,277786.34,5,2
292,C4B1CLC58HQOCGP95EIVFLWW8YTM1JAL,498,9081.82,40066.56,-66448027.94,320617.14,6,8
293,ID66JAGFKJ01TCT8XJ3GN70RHUDMNUB4,184,2763.61,32861.21,-15396402.45,101762.66,4,2
294,J9T3Y65GBMVDO9JT6QGVDYRQ7O9X0QLN,934,229.95,296061.2,-22215669.57,63160.26,0,9
295,IJIRALLBHAOV7PIPNU0GJPPOWM3WV4DQ,5,7972.53,499081.73,-38403405.53,410623.31,8,4
296,PI453YZG9IDTJQ0I64BFOCC5919NZW3C,117,9869.9,195630.29,-18983098.42,16225.59,9,1
297,YVGPX5UJJTSFQJC6WY2MY8Y8JMP3UZMI,34,7618.89,327435.3,-54583429.95,6064.04,5,9
298,2N6TPBPR9A63OF3STDXU51QZBYSW9DOQ,668,3659.84,219894.09,-13916592.66,495559.72,1,0
299,RQCZDT3GLVHVU8J7NRN6Y0CVRLYX2B9X,985,7020.96,444642.33,-51542668.28,76398.89,0,4
300,XPEV2HH7XN0U13V866SXXUL8M3NEHJMQ,269,7868.98,462481.78,-9466096.28,160299.73,0,0
301,MY5EUTYSE8IC0ZUO0IRKQF863T4X323Z,158,4859.73,140318.14,-35139830.47,171930.4,0,0
302,CL8OIWNEH5QAIGNKA3VLCJ5LFRSAV97X,20,2208.17,403297.64,-58031741.12,455742.02,8,4
303,J0NFD71P6DNPMETKRDVK7ZJGQAK1OYAF,561,1138.31,154563.05,-22071433.38,12322.75,2,6
304,Z8XR6CXCDX7DWCYGWYFTCEERDNE2SUGR,853,8077.81,240311.36,-49917228.32,367801.38,5,5
305,1O2P20UG2VNT242BC1PP7CYCCWNGU8I8,664,2802.57,394932.26,-22042589.28,23899.7,2,2
306,Q8EPMKKWYXRKJDGDDSUSOLS5ZH478K63,555,1218.43,364655.36,-1218753.99,91983.73,3,0
307,0L5BLUOSJQ6FJXYQ7NANKBVRIAFTNAT5,511,9149.46,272803.59,-44035008.73,444133.81,4,5
308,EJFGXRQF1O6QF0O8FX9FGBCHBJN4R2DT,169,8076.98,245873.01,-29022624.24,149500.11,1,7
309,4XQM9933LWVOQFGKEPJO5HSAVK75UJWN,642,2595.34,118035.12,-20447053.17,496504.97,7,6
310,53KSUMA7Q5WN6W2ETUZV0PB371687WDM,155,1920.18,49662.74,-45118814.52,276363.73,7,6
311,7HK0TYLWHATI34CT1UKVD96QK47KHNTO,128,8523.16,141394.23,-56862412.59,225039.75,5,9
312,WVSRFQ2I3MLXDH64JOBT1YWM87M97876,346,5454.77,333162.58,-39010734.02,132849.9,1,2
313,YMR3BTXLBRZIEAM58JEEATG98LV4HAXN,277,9382.15,395301.72,-59018613.38,231766.91,5,5
314,6Q11RSI5UZ2SZGB74RBOF53ZNVG84V4I,977,1974.08,261490.47,-61927209.29,210367.06,3,1
315,N1A7I2C60EU1PA4SOSLM1VG9SH2HW0YS,838,6678.25,64719.68,-65638466.71,491965.77,3,6
316,E7AI4VH616AP01YFC9N23TVL87CZQYTB,409,9229.16,239258.64,-55539489.64,179779.93,5,3
317,90Y4M2MG0D1V2QPI78G17I11JDKEQ4H5,572,4973.92,138439.75,-59576788.92,324493.89,8,7
318,3IUCMZELZIC0N8EGVNBS0PW21CULCSAL,991,3513.78,129617.06,-29301742.42,380998.87,0,1
319,L7ZMXJRNB4K4KGNBEEOPAWRQQ2VZYWPJ,886,8023.36,262599.05,-47618219.26,143191.51,0,6
320,FKYKSHXW61EDAH1LN212DRBG2MHS5CC0,863,9445.33,315108.53,-8888377.68,63918.81,4,2
321,5K9N46131ZFEZ11GLXH8JH2BPIQ42LCV,516,6337.0,75406.05,-26513589.77,106434.1,8,3
322,EN87HWPSW3BNTB28VX921RMK6KUCJY3I,578,4192.76,439967.02,-41066729.14,137908.07,0,0
323,V77XI6FQI6SMBO8TEW95CF2H5724KYLK,163,267.37,386488.58,-16097656.01,192531.52,5,7
324,MBXV5HCH8ZDWVGK2VY44J42RXSTQEMZR,192,4150.19,54857.51,-41062155.13,167506.85,8,0
325,Y49Y5VN3LG26JE0RUQB5PYUCP4P715FH,74,6716.77,261096.73,-29392937.52,445364.06,0,7
326,65OH8HF64RXYG8GSMSTT6IRIGADFNNW6,895,8138.61,398194.85,-23043563.96,427932.35,0,6
327,GEZOXBPZR6XSHRQFUS5N0IPS01QAKLEW,597,7719.21,9639.89,-60254995.63,468117.97,1,3
328,8ZZ8ORM9ANA5Q8BDKIB9ONDZUFQACQYV,403,2265.2,443101.55,-19023725.73,257614.0,2,2
329,LPK8XZ5K2DLFDLZ3860YF2J17BH290ZR,132,1258.26,184300.9,-43503426.48,378458.38,5,0
330,BO8EB2LTJ2COBD5KPO47XE2J5NBMPQIS,455,1326.74,442996.8,-63883045.51,76847.77,3,0
331,CSSMF4MJVSP4VBURZ1JM5VN6BD2NGEJP,255,4529.82,349.16,-507675.31,482450.73,9,7
332,TZC3YIMKG0C96C6IAFH8QHB06AA0MWFH,127,7638.08,231227.46,-2286455.05,325920.3,4,3
333,2R67GWRXZ4MJCGUPH7704HVHZMJB3N00,278,202.26,287907.26,-66878968.72,338953.21,4,2
334,ZO6RBXW3IVI9TPE94DVP6HL47IKX7RZS,725,1526.18,135079.63,-53179710.77,279868.48,1,0
335,VURQMYOBNOY7E1DWIAM2Q3VLBL7GKVVD,847,4951.96,155559.9,-15270105.53,339649.4,4,0
336,OV5XIS5NTJGROX1N3F29WQCGD40XCLMU,298,4668.64,263432.02,-15128639.05,449477.53,9,3
337,M0N3HGZ4NJLEOEGJFGCFOJXY4DA2HWX0,678,2158.82,449338.5,-18907993.62,271602.94,7,2
338,04M4O9OP2F8COZLVNHXL5J2CZIOXNW4X,735,34.95,26973.49,-55541175.02,80589.74,4,3
339,LKFRFR7GEB2G56CKDUUCX7NG81ON48IE,420,9839.21,217835.36,-64170037.53,279096.55,2,4
340,K2R3Y3MELMSU3C3FJEAU5EC4YCMQORZQ,542,6299.26,270268.03,-3699726.36,382216.19,1,7
341,TPXLVYSSAF9YUT7NEEC3BWVH1BB8J2PJ,266,7831.46,487494.18,-49712372.27,211903.32,4,0
342,E4FHA795AOD9DSBI01QN29O79UMA2U3S,969,3153.64,75149.71,-53804780.51,137007.53,2,2
343,RYXWC1Z802BGM96KMZEISQSKZW3PQ4CH,294,6291.26,365138.29,-9039811.79,454803.73,5,0
344,FY5ERITKPF4282BI633ZY6JXU4YE3HTO,932,2156.18,11532.31,-31279010.6,251722.76,3,0
345,G4YU4EQMBETD2CY9TR6PEOWZK57MB8E2,495,1021.38,169023.16,-16564638.0,259534.78,0,9
346,LVBTCTGEY37ADDCW8Y8M3KL8MA8J6BXR,796,3447.11,275792.27,-32494624.19,12155.9,3,3
347,3BO3ZAZK6T7TZH4A4M28PA9S6YS6OA7X,689,4736.87,263082.12,-54474027.88,433873.85,1,2
348,E8JKVIH8OTS9T9NBADJEXHYFW7DY4HIM,522,4776.56,184118.07,-45942863.1,420694.9,6,5
349,TOUV966B1MFY7JHBP0LVJZ82HN8LGXTK,696,5186.73,296861.32,-64425443.3,354030.32,8,4
350,BNQTCXMLRRMQGUWTYVYOL19N1EQ6IDFB,383,1493.94,352970.99,-13098598.86,399691.72,3,3
351,N8XLYSLATQ2H4CPD80GQXLGPB9HOXHW0,105,5904.39,375044.31,-29504769.69,341866.09,4,7
352,2WDE51FK2OWFOD6M6IYFWC9TT0942QHD,402,3571.01,41518.97,-38713227.36,378420.68,6,5
353,B7Z19VXDBOBJ34DINY0T7QS37KNFQHB3,849,803.35,34209.72,-46276960.78,55546.58,4,2
354,MSXABSAJ2PIL2RLWYP3UVPSFSRVATF51,914,4568.62,424086.34,-31681571.9,112709.93,8,9
355,UDLF8K5XVMUOEK03NYVJMJZ27V5M59P7,716,4149.73,239216.82,-49349722.47,451228.63,4,6
356,IVE3GHUFHRZX4YS4H26ZFQVQBX3G2GSE,599,9621.63,487728.93,-62166503.1,202433.57,1,0
357,PHPH3QKQ6RQD8ZVHHBMDT7QVOQPVMPJ7,534,141.49,69390.51,-47796932.58,417017.32,0,3
358,99GPWHPTE2UFTDO9L3E15B4Y3DM4HNGU,868,7641.69,22428.32,-65163121.32,53799.7,0,8
359,M3ZXI1NCSDI5Z231FFCY1DCQUEIWW9RU,931,9449.61,479741.52,-56127183.17,372529.25,3,5
360,O8UDRAOL2D1703TNZDX9DT61K2CY8N2A,752,9156.41,230927.22,-8281971.07,265885.41,0,7
361,CCWWF2LO17T7PR19RAG5EE3ZFVMJZQXR,173,7670.46,316745.47,-2359243.14,442716.96,9,9
362,4FSDR2X25YR3OETMBSUU4SHCRSD6P4MJ,150,5817.07,209990.51,-27202288.05,280652.8,6,7
363,GBQAJ01DJQBBPS0A5ISM3PUOCCO9XHCK,267,3294.43,249738.14,-1923760.74,309684.52,5,3
364,INRV5E3N0CDJC0RRFSMRLR89NOWHZPIX,579,4937.13,232818.62,-50469844.97,404619.04,0,0
365,9UAWDOA5ZYCUW7QYGCAM4VLZTPX2UUYW,631,9043.71,362531.06,-47414471.43,291358.72,4,2
366,LRFODMHOMD6XU9FEWXWDI6NP3ER5QZX1,83,5416.84,468921.77,-60937139.91,79385.55,7,6
367,OG4TAWEM6Z01LT9WYJ7HNB626VAOCOIS,379,9706.32,57712.62,-14076237.8,261929.46,5,8
368,PH7JX9Y3849ETBZN04RSJ0H38X2YKZDZ,327,9538.46,21528.03,-39025464.36,162399.85,9,9
369,ZDWE74IFQB0C1OO70QOU9A1AG8111E37,325,21.18,56522.93,-22540675.92,152398.18,1,5
370,YKDJWEHVXVEDUECNKU7URLTAPPZVFV36,607,1907.85,245.92,-42768651.85,411170.49,1,2
371,BDHWDSYBJ5AZ196UPYZLG4LE93JBND32,755,158.45,399179.88,-20429574.13,83569.43,4,2
372,PUIQ9ELYW6WBV6DEMDTA565WPM2HLPH6,275,4902.05,176778.42,-59327864.83,258528.55,0,4
373,2WUQ9DQ270GBO6BUD3KHT8BGA3T6IKJ3,514,7235.13,303079.12,-3238119.82,333485.61,9,4
374,NQPCA60OFQBIXWMEI2SNVBU7W7LT5WBH,813,9770.2,326748.94,-10594738.14,372893.59,4,0
375,ZUG3A0TF5J9I5C8L6C4VYEAMKO2DGEVP,124,5413.6,145897.3,-55985421.17,416678.29,9,7
376,QMNEJTD16R31BYNRS3ZGTEL5RZY4X99O,980,2034.93,401978.63,-29268500.48,43313.08,7,0
377,RA5JZ7UQ6FEG9ZHCL5PIFEICZOEY5SCY,913,7712.63,112571.61,-47583396.34,379211.03,9,9
378,I2I095391G9P3FJE5J4PA8LH44V5B42S,587,6240.89,250508.07,-50789225.7,458006.46,0,2
379,OQZSK2TZ1GAEG4K3ST8I5X5P9KTYH1ZG,616,5110.36,331698.48,-28838800.47,150074.81,4,8
380,4ZB3S5L1P78O37H67OE4M3A70ML3JKLS,250,2474.84,68030.1,-61959217.67,108972.15,1,1
381,Z86KZGCDUI0UHP08UYGCKFPW729J33ED,841,1650.5,359085.78,-10385364.39,94461.28,0,6
382,6D9LRI9UZNJWNBCBB9H7Y9P39VL49RB8,59,2484.5,141915.04,-39118929.61,151689.73,0,1
383,C3AVZBAKI8XS768SQEKZ3NY1TTV88TWT,727,7402.91,405143.26,-39437995.74,401577.52,4,7
384,LG6TCRJYUIMDCFQW1QE5MPQ8BH7Y96KR,865,1051.59,181515.39,-13974942.96,261560.41,2,7
385,8QRTMGUBN3SRG8WFR5J3IY7DARLRPO72,142,3609.2,73008.94,-23508509.63,32833.6,1,9
386,O44978BA8X5BT4UL2R5JL5OAZFP8KIY7,774,7751.03,174421.5,-13796837.88,34924.34,7,6
387,2Q4OQYZBYLKY8WJL3UH5ZA56N2HLBZR5,478,3877.51,39170.91,-8222098.21,298014.48,8,7
388,G2Q3M3N2SOR9Y9JWVX06G0WCT9YEYU1K,140,3053.35,389278.46,-55565851.25,26557.11,7,3
389,77RWHYSERUIPK2OGVFRRTNL70883IALY,963,3108.51,85608.47,-18064452.48,197160.61,0,5
390,OE8MTZMKX1PC1K1XVFFWT20IJ7883XQO,481,3506.02,47172.19,-69376617.17,360842.31,6,4
391,E5T9Y8JN00KOAEMKKD06K7SX5G4EDTN3,308,1643.45,334539.55,-13352407.18,493020.92,4,2
392,06RBGWSWKBZFY3SS6425KNZKQPZNRMM3,766,5293.29,336534.95,-39737140.95,140001.39,1,3
393,9KQ0KFPX964DWSHSS7H0PYE8MD10UGSZ,639,8714.46,336365.72,-44390815.72,285978.03,9,5
394,92H8D2WW3BN8XJ1RP0PQF36OL6ASMTKH,42,1259.2,466304.96,-45786670.7,229602.2,4,4
395,FCPAHD1XZ8Z9VOO3I6TUKKF10DGBJSX5,372,3103.65,289691.31,-61401594.69,233310.2,2,6
396,HEZNC39Y8I2ZGKM4OC00CSFI4HEGY7SS,935,7644.38,179187.11,-36928018.99,221397.43,9,5
397,O2X13W6H9YQ6P62ZQ1ZXVJ09NQCXDCTE,742,6364.53,182242.48,-12385741.67,206947.91,7,5
398,A9GDD7SH6NV47TW0BS6J7E9CP4XK7LK8,589,8169.89,454055.31,-62051623.63,254922.23,3,2
399,ALPGFDW8QB3VJ2GPDRINVRJN1Q73PSDM,41,3693.31,283206.8,-41820401.81,257352.36,0,8
400,IAG5GYA3JIB8FA03CDKGUQ0JQZ6BJRVD,952,9389.91,385552.37,-11836477.72,184702.13,0,8
401,TT1VYSOL7UGE2QFOE8J719HV47I2BJ5X,536,6995.04,80132.38,-53026217.56,456826.18,5,2
402,PJFSTDCLYYJ5RND6W45FGGI5PNB4GYZL,843,5576.13,101055.77,-26543974.4,261764.13,9,4
403,SU39R9CWJ4YSVAOJ9FX09G7VJPH7EC41,748,7606.34,154737.22,-15418052.95,196887.01,7,1
404,ZIKBE33J6XJW6P1ZRQWP9JLMPPVWKDRX,480,9452.98,420761.77,-31354371.53,345136.55,1,2
405,ZD907U0Y6GPC4I67RV3606ZWG575TLLB,808,1775.29,400214.26,-25423820.65,478519.13,5,6
406,D81PK3XL7OVQIJEBWIZALHLDIE0Y6XA1,595,8064.62,224579.96,-41850483.28,80031.8,0,2
407,V70XB5VJ25XQUA6IXI1O7I3D1BOCJGBD,175,7559.17,100992.36,-57606966.8,384328.06,8,2
408,BDHYB3W849FE0CNQV7LSQ3QDL9N546Q6,712,9191.4,122873.18,-12099866.27,174606.5,6,7
409,IJYKY9T8TJO14UZH4FV1ZNNU3220RSBH,954,5877.41,18142.2,-45790991.41,365519.45,1,0
410,1JME634QDVG0AYHIM936B6KDVKTG19DE,88,8635.24,176268.49,-2274925.11,342086.53,4,8
411,BUO25SZXOCG0JR8JOWQYU4U3FTWZSCN8,876,1422.87,185119.45,-39718367.16,220723.97,2,3
412,J0TK4C4NEGF1BU4GWU8FMCWD6XIWHIQU,347,1755.76,324232.91,-30447153.45,487112.28,0,4
413,NBWWJJ7SC0W5QUS6BOXY1TZQJR4Y2BLB,428,7902.06,448653.33,-56014957.14,67976.98,6,5
414,X2GZD4D7QR2Y6BA2CQ8RJPN8O5KWNWCH,176,9705.49,354166.7,-6512943.02,498480.76,4,2
415,OXZAGXXX0EW5GA7YFZCKUN2F2QYSG02W,399,9389.11,406099.53,-5133787.67,189857.91,1,4
416,FST5P98GRF97JGCFLBLJB3MQ8AW4SKXY,681,3668.48,209474.32,-24237990.49,40747.12,9,1
417,FDLYXTQIWVZLQIP67YHX0GCGOQ9XYH05,501,6608.42,466342.72,-25454999.49,181923.81,7,5
418,E4N1216TXWHNLQ9GZH6APMLURZUN8557,713,327.76,181728.56,-17256652.82,261873.87,6,6
419,ISBROBD6FV8P4H6GCPM85Y09E76US8YU,242,914.09,270497.8,-63405054.19,435413.98,5,9
420,E1OV2NNBB007T08D9P7SHXUBYA1KU04O,745,9762.79,107011.82,-62701321.22,333000.99,8,4
421,UTNK1OAU856X1ZKBS86EXRXNA2IUEK1I,685,1395.62,387771.87,-33698431.95,98226.15,6,4
422,MF1POU288RV1SOGJ4LZN828RF204FQ94,317,695.33,417406.7,-68582961.63,209902.0,2,2
423,RSFT0LOH7UOZB5SPVZFSZWBUZ8GTTZJG,100,9243.15,429967.73,-46408932.01,253562.04,2,0
424,32SAJFKUA17GT05KWDTKWKK152N4CMN8,466,3912.2,197182.43,-45012106.7,149267.68,1,0
425,WP19N4PYAUCXUL3G4ZHJF8QJQZUU8VF9,214,2009.77,231230.96,-8349295.93,130519.38,9,8
426,K2AFZ1DQPK6E3HHW6WKKIDPH1K93EAPE,802,8556.36,241728.67,-27553565.57,383633.98,8,8
427,UQH2FO51QX5MV4MAU0S6BG5QOGH5EREJ,147,7178.23,145209.17,-26273286.24,486325.36,1,3
428,P3JNITOUPGF995C504B3KYCHIN9DUXW1,979,5215.36,351368.32,-27217187.23,286519.63,9,9
429,HIMO3ZPVY55YIO7T1CWIV4IAS8HG5YA7,416,9981.32,434828.23,-49561288.55,306265.63,4,4
430,DG87FQUXCO260DSAQVAIXJSFG1Q87IV9,653,3087.86,284938.06,-15221719.51,412877.63,8,1
431,PMALAJYCCP5RNFAV5GQOBDVZH24LQKIG,91,2748.11,127006.09,-5837800.41,301434.2,3,4
432,MI7VCZYKAJJSI8VPY37A7YQU1QUD433A,666,7939.24,471380.67,-40749089.52,240124.16,5,5
433,OEI7JD2WPY0DTR3SP911PEQPSZ12UX0H,382,8394.25,478181.52,-36446159.48,249898.42,2,6
434,OI9EL6TL7YSHR6KO6WJBUJRV3FSSTDDI,304,595.27,407857.05,344441.42,52561.01,8,4
435,6Z0V77LVEF5TEEON22KNEOAHMPCRD8HK,86,4413.37,480287.92,-35570871.59,442642.43,0,1
436,4P928GK6KAW0KQI6A60QX3IS52A9K03Q,923,9949.7,477169.66,-23311768.02,406050.11,7,9
437,ETLSZV1YXTEHG6A4SZEY5AGCXM9700TI,920,1592.84,138315.46,-56060805.24,446574.35,7,8
438,9Z1CHX3L0R8O5KTXUNOW77HO2CF77NKZ,133,7554.08,498358.2,-37242426.42,218465.61,7,2
439,7K2LZS7L7HVXBIGO0G9L85QFT1I79JYY,71,5196.39,113460.31,-35526193.38,229451.58,9,3
440,EMK3M14QA5SAULP50FJXP6V9ROQ3ARRE,76,7728.05,429182.36,-14027747.71,210165.05,9,1
441,GJWCQT866LC6AG7FCMNOHN5QSRRL7Y26,63,2626.92,390312.47,-39474064.9,160560.7,2,6
442,VG7MIO0PNBZPH5A77T4BJ4FSOX1VSN2Q,800,3940.6,343327.18,-48946791.95,296665.95,8,9
443,RSMYI0BYNR63W2XFSQ1IRQBGR6RR1VCD,819,6865.03,201314.76,-63162875.02,429700.69,2,0
444,WVUKEILOMX8TFJ5JZGS50V817DWWEEBT,675,58.32,157745.09,-14702182.03,443924.46,6,6
445,AI51S10LQLKDDK9RIBJD9AIDB7VTBMR2,684,8533.41,86171.23,-10760777.18,147986.12,2,3
446,K9DBN8UR1QJBV5J9VT3L6GUR56ZKQCI3,971,3839.85,17491.33,-3149971.71,296420.59,4,0
447,TZZJYRWV8VBD38DLNOWZDVBCWWV89S8M,364,3413.65,204901.1,-47210183.02,72533.87,0,3
448,8V86SC4B6WEHAAKLOA0UB8QCYUT0BY1Y,890,569.51,79634.79,-18872125.59,409413.82,4,6
449,OQQEU044WB0LUUUGLLSMWQP4GK3XRXG5,583,1819.9,332342.67,-69490714.4,13822.29,5,0
450,NS7PI3DM67DO6R7K06U39UY50YM1W7AK,781,911.5,240793.94,-6591965.77,48251.32,3,2
451,A10FM0AZK8EZ941GACZHTOGFLV4PML6I,814,7174.62,5401.03,-14893417.34,16523.34,1,8
452,OQJYEYH0OG3CDZ5DTLMDUDE7CEQ4EOZ8,810,1619.77,161453.15,-28088664.56,380551.15,6,6
453,JF487VSWBV3SDO5TXB4CP8BMDTXL9DUI,426,7594.74,483073.84,-10477869.92,152921.51,4,5
454,BH1G6R5T0FS1Z7OSH1V9LUVYSHH6KU6D,357,212.07,127022.32,-16162770.61,312345.59,7,5
455,MR7WFKJ4U4GI7XP85NTTN3YKF05VXMFW,323,254.79,322969.94,-63053301.15,206951.16,6,7
456,7N8DQB07C2K9Q9X1X0NJKSA7LDH0I55U,641,3949.13,356045.25,-40143133.83,333767.61,0,0
457,TJ3NRDCHYMMO3O1LIS6HI90XRC3U47V0,358,8595.41,147476.47,-1801852.29,268669.59,2,0
458,UCQJO56KEKO9N4EICL694Y4U4TUL5DOO,392,3351.48,352874.29,-20455855.37,50553.57,1,6
459,CTMA6YF06O5NRARH2IYDZR7P2HV68XHK,862,3335.47,312044.52,-35776604.51,449884.15,3,0
460,H0V0J8XY5WOT6OHV55Q38ON3RULI3P6J,861,4958.04,174526.31,-43376729.45,262613.9,6,6
461,PSU94AMGYQHSKQW4ECLQMCUG4C391P3Z,239,3953.82,139173.39,-13042897.19,383373.58,7,2
462,NETYRDEUD2WI04EYKDG5PWCC5RNP8IOV,258,1637.31,120297.47,-13124146.25,335247.76,7,9
463,WIJ44WKOUJXOFF735VZLFVSJ48KGHPGL,610,7994.48,264519.53,-67670337.9,134276.65,8,9
464,GXLGNIGFKT14KYSMWUS5GI969AZEHC47,143,9477.83,180878.27,-32926149.01,42377.49,5,1
465,GXKJ1078XJPVX02OOAFNSH5Q3W6GH1ZW,268,5437.86,118538.09,-30611898.61,206602.31,5,2
466,XVD8MOB8OSAWYX7F63IGGKK0X5NNRIGB,558,8852.43,353736.72,-56969386.46,256167.77,8,3
467,NVQ0XEVHWT42L0YKKTK7NTAP4U9PISO6,760,8706.87,334944.02,-10556924.5,178802.98,4,2
468,9Z6GBX3P2HTNCITW08R7TN8I3NQJ9EY0,720,236.84,479505.77,-30936827.89,311878.69,3,4
469,KQ2055DRJKVEVPZGTM58F3UT9KIEOQGW,366,3631.52,361239.6,-63375685.6,278655.68,3,0
470,7CE2MVFZR7TZREKP1USV7CBJAQW319XP,222,5195.72,190162.09,-15926472.78,102785.94,8,3
471,UOCCP1W7ANOUUFAQBALSBUQRLCUYIAZN,82,5789.19,456047.31,-51044953.24,237138.31,4,2
472,Z8HZRFKFT9AWNAUQMWGTKNVMMK954BN8,122,7586.0,40100.1,-31234389.62,438649.27,6,0
473,IDSYF4NXDGXB953G859UVWIHQI9B4DX3,672,4917.3,38595.07,-13682274.03,487786.33,6,5
474,ON410KXK1P9293G1I86XXIG1QWIAX9WZ,223,5116.71,213699.21,-41599017.19,468295.45,4,7
475,FNPDS17P0482GFHH9BFPVSSQXYRJNGVC,651,2344.72,211860.1,-13007314.51,115286.37,8,8
476,H7SEF4PGGZNG1NIBSU370W2B4WRK23UF,850,8488.62,392736.3,-33274112.17,115525.99,9,2
477,AOLCOENFHBK7OV9NFT733HVSJ42XOOWE,201,1576.11,95485.48,-46699117.34,163841.2,4,3
478,WGRT4YG1HCPN2OACDREGDAOI8BPBBM0T,373,4767.12,423147.24,-36562352.74,453651.16,8,4
479,RDG7KEL2USRWL13VEEWCDMZI1GZLIZ76,37,9183.43,176298.99,-40954666.61,135215.01,8,5
480,XEMINT3ASGCXWZYA84Z2PL6M7UG2BVCN,471,508.63,21286.4,-33661284.05,101506.06,4,2
481,E43C83OALBMC5E1PMTTJJG68ZMBVDZF0,281,2517.33,189639.63,-47618360.8,11682.02,6,0
482,LJ2VS3HKSI8SZ8CDM6T8ZFNYM5NFP7GR,427,6382.21,131577.07,-32741525.78,402549.07,6,8
483,QYVUI9RM4Z9T38SQHOMLT8X520X4KCQP,75,4074.44,256628.67,-33638316.1,282796.16,6,9
484,FHKPAZYFXREEOKLLVMPMM9S6OA67LYE9,494,1173.56,192719.37,-20190383.39,92551.05,2,1
485,5Z7UZM3J471P2I8UMPCICUWYBF39IKOT,751,592.21,102559.83,-49729116.01,446416.39,8,1
486,RA10257L6GGD0RON8VOGMFB9XE3XRVAU,973,9187.29,127865.93,-1788033.34,192332.31,5,0
487,JOJKMSA3PFCQ4IPZQ0Z8NT4RWB548NOE,576,1655.19,233254.25,-43823761.68,341405.57,8,2
488,6XU5989SIRVVXNGM4CHF0YT2U2F3AUYH,568,7030.64,292869.12,-36889476.24,156578.38,1,5
489,2HVXG8OIXQ6HFVZZ1XJDXRGZPM3MG227,821,680.55,2462.33,-25931907.09,360191.77,8,9
490,3QSLKOB32HN0W2UYD58EGY4KBBQ7C83E,928,317.61,175211.4,-60140131.19,235919.45,9,1
491,GHU8KG8NMQLT9U5IHURQD58BRKAICED7,467,6816.99,157838.14,-31826580.07,361228.49,2,1
492,IM73UEYX27WFEND3QPO42RJ0ODHU5I7A,820,6631.65,133661.78,-63184720.58,59143.03,3,5
493,4G9ES2AU977VJKVMOKT7GWRRGAYR9HM1,371,7766.61,20748.24,-49706635.18,67273.75,3,7
494,4OD0CVP2OM0CFVLGKM3TYWBRTVU7I6IY,187,2430.01,118219.59,-59936186.33,408846.36,1,6
495,E2AVN7C9HR2V7UWQ7VQ9SBH32YVB3XJR,237,549.85,460356.58,-56043994.86,222676.71,2,7
496,KZ5QWX3OLY7VR2RJ85H1YMNLPBFT6CBU,598,2829.01,124101.78,-51856840.36,328936.78,2,7
497,MFXOUKLI0GCO2H9V3U3SS6DJ89SRA648,188,2847.73,293192.86,-52625523.06,28115.83,1,6
498,UEED035G7CSHM8IUSGJ5G6JDL8FIGVEM,262,5331.23,284702.5,-49268659.13,381791.98,4,8
499,JZU03Q0KRW816M2VLPKVBB9RT4XDV7B1,247,4793.75,123651.68,-18717326.01,309751.91,8,9
500,OZKZN9G9TA61AFCBHXUJA7BOVJKULPH2,962,9328.24,392564.03,-49016932.99,259052.49,2,9
501,5HXPBJVYCAD9DCG1ZVS56S2AV5TYVEXB,902,1499.98,454840.49,-7341859.58,295709.73,5,5
502,37YMSMEAO3G485IYOQKTY5Q2B8ME61CV,284,8710.32,161286.12,-7760000.52,361520.85,1,0
503,0E8BA33AI3CQWJ0ZU9F5EGYDVXUYLVTL,517,1689.48,262790.93,-10187920.78,79300.12,1,1
504,HHLPESRUBYTEKK2PHQO9W4T6FJZ16YWJ,217,506.79,493094.76,-57332648.67,228696.03,4,5
505,1AG8RIXJ330K5XS59H20UE1L8SLU4KMA,957,8477.35,225647.21,-61413341.51,197327.25,0,3
506,GURFIAKSKFT2W3NMGPMJTFK4GTQ392Z0,245,780.9,450663.0,-39964452.81,251901.91,4,6
507,WZ0PSG3UNESJPHS0S5A1HHF8TVESI5GX,493,8584.86,85870.61,-5775891.32,474698.17,3,9
508,JPDLVF18HIVNYLL4KV7EHC7ZQ3T0PMXQ,769,3625.12,114453.8,-33704219.7,45674.25,2,6
509,YYXE1880JYJEHEGC5ZTG6GL54XTAG9ZQ,580,5698.59,457827.83,-64327442.56,239654.06,8,1
510,I32VRDHRXL50BZEAKC1IR5OM0RT87IRW,172,1205.02,422205.75,-21310231.42,3708.13,8,4
511,NKJETCSI3LRSZVQZ31XAQ2BY14PX0BXR,213,5553.29,372848.11,-12861144.29,131008.92,4,7
512,P0B7H5J7E4EMJRVHT4S67CDQL21WM9XM,987,6495.01,417803.8,-57927677.71,161919.51,3,3
513,9J3B7N8KNUT9QJ4G34FNIW39C0YH5OQ7,907,51.44,118291.08,-7728238.18,275748.48,8,1
514,K3AHDBD6DKA6VBI8MGQR98TG5U738Y0T,77,3707.96,411269.63,-5639841.2,314579.69,7,2
515,HMTSIS1KF3SDYZUUOMDKZCATDX2KA7M5,911,5732.91,84365.02,-55777639.38,461167.74,8,9
516,K9QO9JD4IA1I6THVKVGSWWJSX4YV5A36,705,2887.97,380182.71,-67816435.14,119451.42,2,5
517,9FHQYK1J1YQ65BQ8W1GZKLTIGJQ0NME2,479,995.96,462796.6,-31523111.89,158713.58,7,6
518,D4OVGWRGUW68UPQ7G6LA36CAHA6W8IQW,788,330.79,1254.76,-20782261.77,102941.02,2,4
519,8GQ3T5CNDJEPG69ZGZHK62CH1DT7BNK7,874,8009.58,484563.03,-58367635.3,273487.39,6,4
520,JG0EU5AQPAX4DABH86KCUAI37ONTH0RR,227,1826.51,396149.35,-36362430.23,335883.95,3,0
521,3OIHVLG8QPT6LXWM621C7739UO7TSRDQ,625,5838.42,234948.39,-63610284.0,192075.47,9,1
522,7EVLL3ZEAF5OYDB2A6BWQDSB3S3N31A1,93,6571.18,181015.74,-49968399.68,439237.55,9,5
523,J156SMPJC1S6WEDNJ9W5SMEY8MVOPLIE,889,8912.56,136793.72,-47099368.27,299652.16,4,7
524,WE4ZQBLYYR2AKMO3BKLUOJWF75FVBFQ0,917,8153.64,355974.31,-53260836.3,198077.37,5,4
525,5C58ESASKJ9W0DL23Y0O0MNV1X6J9GML,492,460.5,232792.41,-29993874.77,104110.83,0,2
526,PRPAA7J5YC04GCXNJCELAJKI90G0F865,617,7796.97,210057.63,-34808565.95,137723.87,5,3
527,DUWYHKOORI7AIPVMKZX108RUR6KZ1KK1,408,3681.75,477732.69,-9052562.33,223572.19,2,9
528,Z69WOC1AT2RX7WC636M2N2W8H6ZSAIKB,777,6492.55,202250.17,-30954990.6,34195.23,2,9
529,FERW1256EF0V8HSDVXL8VPS3QAXO5LWH,470,5552.32,135740.72,-45848662.06,95760.07,3,5
530,HQTMG9TW2H6O8HQ1Q1SKRDQFSKN3ZVK9,322,1947.15,425682.41,-22131227.06,180719.24,8,5
531,GB6DH0KOVLOIDDCZ522JCLWP1X11QR3L,464,6082.06,252854.37,-52927220.38,425338.85,4,8
532,NDMM09F6D5X6EZGI0I75K6NT3M9IDG16,289,1884.2,272121.48,-6700586.34,376686.91,3,1
533,OSR7ERN9KHBVQI0LN4EDSE3RX1GDDOQA,674,4738.6,275408.32,-60576075.16,158515.79,1,8
534,O7NV86NLQ6JSTFEJXGXX82PWBXZQ7118,739,6437.24,481887.35,-58010137.93,131725.37,5,4
535,Z2DTQYZ12XJH47PBE3OYOFXAFMT6Y2XA,463,1223.28,58733.37,-21438040.12,454648.57,7,2
536,MYKDN3J3UAPBMKW3PYYPRZMEM870DN6O,429,3759.47,221091.44,-30553936.59,442652.0,0,9
537,FXRNT3MPVOTUIISO4MVAC4NPY3G46KQS,456,5934.15,278733.17,-29504037.61,430929.83,4,6
538,NFCJHT2DSA2BVGNK4P2Z1SM9LZE0VXVJ,707,9168.14,146527.06,-23424791.26,336490.82,8,1
539,CQIRDO2FCPAGANKGHRWN4A5VBHD79738,389,2107.39,195120.01,-39259435.94,446735.75,0,5
540,ZR50A3BXB7VA8P58CY6OG9JCL4JB7Z5U,303,9503.68,75607.69,-49768562.11,257753.72,1,2
541,BBFMQARTGH31CL9C96HBVCLYHKF22P7T,825,2387.79,363544.68,-37850330.78,217922.63,3,4
542,ZMCOXI9M8WOL2JVS0Y5KEFDU75HTI4SM,831,4824.42,262199.86,-28970326.4,136655.59,9,6
543,SICE6S9Y946S0SF7T3QFLOFJN2H4UOME,733,2432.14,482637.82,-46757067.87,451767.66,8,7
544,CT37BIJ39J8WOR3Y6PXV1WAPU0XL0DIL,743,6939.72,61557.9,-18088404.31,250534.45,7,6
545,MCWFC34CSI4ZWWE7KWZL430YBDZF9XL1,765,325.17,139526.13,-4031473.35,410486.18,3,5
546,VD26U44S4YAYGTV5GZ8VY5HQZMTJ60IR,98,7109.67,265678.61,-49162104.63,418439.5,8,5
547,M7X6LHTJ6EZX369SSCKVUY59HRV2A5XX,156,8845.97,22465.45,-65142823.29,137467.17,4,1
548,YAYXP2I3G59JVLN02IKWOLN2C23ISWG5,419,5992.18,192956.01,-4074506.77,152976.55,2,7
549,7ZIF5Y6SLA5BA4Z9L1LA6A2OGFRC22RY,937,6229.84,161899.54,-51111662.33,318758.87,5,5
550,7G6V3329G252SXF1013AX0S50Y8QTETQ,693,1848.26,397119.72,-68849667.77,282964.85,6,4
551,45SB0UBUUD0NKFNSV6X7NR63K132975X,78,5668.14,337009.63,-57272001.65,339425.43,0,3
552,7HPIJ9HNNF3M63JKVJT8XVJOJ8SZIYUH,40,6007.92,193692.58,-17080999.47,367287.44,3,4
553,9VYMHEJD41Q0SDCGHAKX667URG4DCFB6,660,2963.61,214808.43,-41430521.39,251660.93,4,7
554,0TYTXPW6GL8IZAWD1M0UNE8W4JVH2NPC,582,1713.16,54263.1,-1297685.13,307165.48,0,8
555,UP4T8RA0UN5EDC0RLA12CF6C1V1E0TZK,109,1844.38,275712.51,-34415946.73,145053.52,3,6
556,NLK94SGDJUC9IOILVBV96C8O04SZLMAL,787,4307.75,91728.71,-55261794.06,345925.65,1,2
557,WNSKQ2IKXZAIRJP85SSIV8VW2WPK394T,620,8896.34,117768.24,-4412059.76,124251.65,5,4
558,KH21M3UHHI7ZQ3ARQS28P9K2GJTOIFMB,905,7360.16,237331.48,-7337036.68,119895.77,0,9
559,MY6N41595N01UC8Q7QOR05ZO20K399U3,657,8231.28,481204.13,-16660866.59,172759.36,6,8
560,4A4T9Q02KACXTTFYQV5LBACXLB40I0RW,449,1293.64,350355.62,-44978255.2,42306.58,0,6
561,3KWQW42WM60HXD7VVMOMY5QSDJWH3I3K,203,1679.2,28086.43,-28254450.91,372127.1,3,5
562,BR72CH3KDVCOHSYFU53JDJS1QECXNJMI,285,5574.27,174689.63,-5714266.72,167259.23,2,7
563,8R495M96LQD1F6412N48OQ1D2X4ZDIEU,148,67.88,154174.54,-2976559.53,230971.67,5,3
564,N4OEJR2WF981A40E3KXD992ERN8GFJFM,508,8754.4,54922.44,-60537330.27,469374.78,0,0
565,TG19VMKXHDK8L972U79D3AJXSYG4YOOO,779,5080.79,59431.69,-773401.13,184306.81,2,1
566,KZVH2FP90DPHGS09LPH1FM8KHC267Z1Q,46,1675.42,300052.79,-27154590.2,378864.83,3,9
567,PCHJ7W4RSOD97VSSLBI4R7LXVEF9JSB2,996,5854.16,175590.47,-41493205.75,20267.94,8,9
568,QX4N82UHNT0E6R6GNLHCR4T6ZCZNVBG5,690,8701.71,293211.43,-26557590.41,387310.48,0,0
569,60MKW3361XQAVSOYIQ3M8BQW2FS9SPW1,248,7445.54,43699.82,-12610579.84,157097.84,9,6
570,002PZ9USSCK5CTKACIXKS8BPRS26YW70,658,6997.13,385559.33,-53063612.46,254660.18,6,8
571,72DKCVZQH7RSBB3YB6L1KI1X6DK6Q6VC,286,3663.67,144009.21,-53413269.35,254299.13,7,5
572,ET9UW9942AWKAPGQGRTZBBKKHB391CF1,759,5797.53,179614.73,-10811110.55,169916.37,6,7
573,RXUBIEJBYT3FR5F8T8W81OQG9H6T1KHY,860,5840.22,442575.55,-61432568.98,148215.47,7,9
574,FLNPI7MRODG0SOBKHZ74P0EA9P9P34GY,54,7887.82,494158.96,-69168227.43,212734.71,7,7
575,W2O1CZBVQ4LH1TY3EQSJG6VFC9GDTM4B,146,2730.09,397681.38,-51729304.83,345354.86,7,8
576,WMTLYLBPZWRDPCNPALC74MPA5PDEBJBJ,795,3267.57,415702.75,-63107270.44,167692.06,3,3
577,3I5UHRA6N0A7UDEUHII6UV92UJQZXY9N,567,5252.17,495042.08,-12117186.65,111730.77,8,9
578,L2HMIDD132R5IIL5NX6L09IIEF847041,233,6660.88,431799.31,-16982599.51,232388.02,9,2
579,4V2LR72ONC8J3VGLQS7NKW94KAFURQIJ,161,3936.84,350869.2,-26540037.72,146244.99,5,3
580,6U5VJPMYAOCNXT7WSTTEBACFDN2XR7CH,186,3679.44,201423.9,-66103680.59,319531.13,9,1
581,Y930BT02LGMICKIFOYZESOPF8TXN34F3,1,7376.78,152142.57,-6450025.91,404595.57,2,4
582,6YK2ZLLM77U0YYXYBWRB8UQKP2IONHXT,786,1339.49,236727.5,-52838736.85,52707.62,8,2
583,VZWO0XYHIYTOHEXZ5V551N18ZO50UX5U,345,1301.44,423657.1,-15379873.25,447853.22,4,7
584,GPNV8LAEI9KTTUG2SYQXXTIBAALBV2U6,918,9582.5,173701.82,-9618308.66,87882.07,8,4
585,DT3ZAA8JKSCGTGJCH1LQOKDEIT5VJJ3O,908,5982.45,339172.8,-50766229.55,464881.3,3,2
586,44HQWE5YNK8Z6E3T1N2PFPBYJ75E05IO,73,1226.51,35049.87,-66693053.22,129601.56,3,3
587,EHB9JZ6POI1MVFSHZ7OZ5EZT0OP5X8CO,845,5176.29,178165.44,-3366181.3,88850.49,0,2
588,1APBYE593UHHIBBJB6SVXCO3APG6QV4H,817,331.55,98956.09,-38175379.09,238579.35,0,8
589,QAHL13P5HTY5Q60GTJSSDMEDCOZTQ32V,964,467.05,97011.99,-9080578.76,211394.01,2,8
590,JC3TS1631W1MKW89IZNXL8QYOMN8R1FN,770,9124.37,137724.76,-38081231.03,285574.67,3,4
591,HTPA4NF9KMPF9EVTE0D34DIG6U9XKSZ3,749,846.33,384542.14,-3371310.44,224744.33,1,1
592,2AHMTBBG58MUOBC8EZ12ZXCPK8MWAFNQ,967,2023.17,436147.77,-44506594.31,16515.3,6,9
593,NOX0WVAMGYOXWPHG22B4CRUKQFLHRGJT,776,8434.89,226324.34,-63203150.86,323722.97,8,6
594,LI5DQAPEEI4P61QJSA6C9G8F6NXBBVSP,224,5038.42,444512.14,-48900741.66,123199.37,5,8
595,0UXLNUMELT5YKQJES7CPGNJXX5K6N8WE,212,2162.46,28711.09,-17728388.74,12546.41,0,8
596,JCKPQIDGC47ERWRMTYLEB5FR9DFPPSQG,194,5448.86,479863.29,-50451203.67,420580.84,8,0
597,9Y6QEOJH7ZMUX5GH89LKNPF6Z46WBXSP,104,14.22,375374.82,-4108071.76,271129.92,5,4
598,UPM659ZMO6I11RKBZ01BC9126BLKN59F,384,7853.5,62899.63,-45986016.74,293953.16,8,6
599,KQR4AC9WNWFR9UTWKQ3TDY3M7OO5IREE,178,9795.68,178130.48,-67015562.62,113151.66,0,4
600,OZO4BPBL9B217GTR8788KY8JK4NYT4AC,474,2214.67,139751.67,-37819014.6,245608.95,1,8
601,V81FJWCC76MN6QPVFFZXGPK6YX74OYQC,858,7792.59,499430.1,-34617890.75,293367.12,4,0
602,2VODC62HS7Y6Z53WLM12YTB5L5AD50RE,830,5302.42,394799.76,-36229527.58,179497.93,7,2
603,2RUEQG90GNR7HSZUBWU7E84150V040YX,955,751.6,144686.73,-56148710.4,149824.58,1,8
604,A46GJZVF7S10S6RNEBW4ST2B9NGMY8DR,515,8150.14,245617.65,-53943490.29,459733.84,7,7
605,ASUT8OGNNRX4ZZUJW5KB2ZUWKGLWWEGZ,757,8834.03,184646.33,-55331793.08,119708.16,3,8
606,I0ECPJLK2QKED5674JSDR2AK6WER6E7S,834,2222.13,379515.64,-65011618.5,306033.11,0,7
607,PT5EQGCCCU9FJODKQFDKQXO1ORWIVVJZ,160,4656.45,223104.27,-23295422.11,421931.92,2,6
608,V94T9AHA0VRKH1AGCP7DSSDA6VZI2AWX,219,8669.25,223745.18,-68278929.4,376028.66,4,2
609,RWXFW0K40WTT14UK5ZIDTGS6W2ZX5H0Z,229,6173.82,200391.84,-33748632.98,44035.55,8,4
610,6THKDRCB21GVB5XQI1BAQT3EOKI9LOAW,594,685.25,62369.46,-18397240.0,200043.15,6,8
611,0YUGFMF5NRUHHCTVAFDA4J9MUQ0H1BM3,978,763.13,425447.17,-52586495.32,1979.03,1,8
612,JILU6YBZPVJ87RUNOHSFFMZ8CRT38FWZ,87,4452.89,75540.32,-54828496.96,464373.09,5,4
613,7QDQLWO1KU0GGGMYDOVU5ZRA0M13CY90,496,2433.05,417998.48,-37284844.45,376950.27,3,5
614,CVT0COES2M7XT2I1YFLE40MMB8UFHRVQ,659,9251.64,288270.8,-62650695.03,358267.65,9,2
615,XHPC62L958ST9GDTI57M1IICN2UN6SO1,899,515.84,427147.13,-41291126.09,392817.37,0,5
616,5X0IJSW8KS5ZKBQK7Q7QPL8R3DVZ95FZ,38,5360.73,343709.23,-35842701.83,121020.32,2,5
617,SR6MN3QVMU9O137RPRXDAU6SLAPNJLZL,807,6873.88,103676.17,-25704995.17,217683.94,7,9
618,WMEMONB1EFEA9A19E1A16N6G1KA875A0,68,4908.13,54971.7,-21541882.85,216703.33,8,4
619,JKY64AMZ7QYR5RT51QXWBULWC1LG30HN,139,9035.49,23086.6,-43122493.74,289489.61,7,5
620,QB1G715JK9YZV2ZRK9ML6YPCI5TBI287,144,7671.08,446829.43,-50687358.55,54554.35,3,4
621,TFJT91DJLRQXSUDYFTH6HJL5SKYI74GT,36,92.4,364509.4,-35964473.58,453653.42,5,7
622,1PHJ7MI2ELZ7QQUDE1PHMFM3A8ZGFW16,652,6475.21,447543.64,-66622126.39,483962.97,5,2
623,EG5FZ0SG4Q8MLOBVM700Z8QNWVDIS2IV,72,853.77,447265.75,-63250273.11,74806.48,6,9
624,C4PEPP647NG6CTA1579APHL088JF6XJL,51,9375.6,132442.75,-6319174.69,63836.5,8,1
625,0A4NQSO5VF8F0LJPYEUYU32D4BO8HK8R,719,1390.63,483265.27,-63764299.1,386727.56,2,0
626,HKF75C52C9QQLYCTUJ4N0R6CXXQ1QOHV,680,9698.6,473518.23,-44892858.35,161081.76,9,1
627,25S2JBL6BKI2YS99D2KF862I2FG0NKCM,628,2104.62,495473.1,-47048281.62,34539.43,7,8
628,JW46LQ96PJXGT84ENN61P3UM4A8KOW9F,356,118.82,185135.82,-12586700.24,317554.04,1,8
629,989AXDFJN8GGC1FN1DV4CC2LWIMUNHKY,545,6690.27,421398.7,-43687127.23,270141.21,4,0
630,877R4W6222RUPJ1PN92KQYLK61UB8SY5,312,5127.48,251576.3,-25762985.7,404022.14,5,3
631,DRY8JDC8HV05DK6D8NOIF8Z2FLEJ47KO,544,3254.18,479903.56,-65498365.43,144973.17,1,4
632,07LI2UQ5C0KGHDINAMCOWLWLK3G7LPQ5,306,1415.0,42749.32,-18024976.45,112430.24,6,0
633,7PEMJ3DIH295GSBCL7YJRBTGP4KL0PS1,315,2543.06,238298.77,-55052991.2,58195.84,6,9
634,E1RXG17K9W63VB9R1RF57R18WUWTXY66,740,592.35,468372.13,-2032287.89,462568.47,1,1
635,7V4PGVFDC1VR2FEV9VAXGNIMPLZ3TENJ,663,4953.21,198847.1,-40488987.32,65387.11,6,8
636,FD42Q9ZYEFGMM5R5ZCAN9D4JMB3N3Q2F,771,7487.18,451771.06,-37904298.46,470298.17,9,4
637,160XW2SZE1WGWWU9HUE0AQA567Q9QI0S,154,2375.35,19828.56,-9609437.72,285982.72,9,1
638,IDC4D94LZL17KEL44L7B52P3AZJDU39X,573,8106.7,468475.73,-47099449.53,69827.15,6,8
639,JVANGMRAQ7LTMD4Y1UFE6VCB7ENI53XP,31,6960.62,441994.72,-38632280.63,23951.91,0,8
640,JKSV308Q5NCTCMY56VQWT08U398JEWIP,225,2091.35,165522.76,-27455771.76,47600.6,6,4
641,I5QB0XJ8PW9EMXXT7TZN6SQOJ6I8J329,198,5505.16,76714.76,-25508250.51,33742.36,9,4
642,RAHTN7ML8S5SS4QNJJ2I04VWO1T2INQU,846,23.42,164761.75,-68070668.13,174338.59,1,0
643,LX3CZ1NXKH38LKH2NJNJ6RHUXCBHL97R,332,4486.79,224277.66,-56584834.88,356232.9,8,5
644,B13N0IEVM1GMY4PFQ83V7X5VNO5WHZUU,197,4547.57,65932.75,-37814533.94,155133.38,9,1
645,UZAINIISQB5AP2CI7QYUMTIBH9QNBYZB,910,3102.76,268812.66,-53932496.51,194446.97,5,8
646,2Y4NT6CN0KWQTOVM97W9CMNXTI4Z5OM9,912,5225.89,442688.06,-10913647.41,28363.0,2,6
647,B0VMSM55KW6LZ1WXYAP0BU50H5F1JPYK,209,3308.44,194105.89,-68142354.77,211649.53,6,2
648,X9IG3RAVL6EPLSEYB8MZSRAMTJHN7K6I,64,8232.97,52220.17,-794859.84,406739.91,3,6
649,4LGPTI2N4027GK11ID1P0FLD3YT5YGQF,316,8507.92,379788.64,-25706041.21,426775.5,3,7
650,VI1NVETONS5J6TFP6MZ0D657XN2FJORV,816,3503.86,69178.34,-30875597.26,45298.11,2,8
651,5XWPK8N4GP36TU265O7XNOAEBVY2PJPP,708,6138.36,425013.8,-56357384.77,246523.4,8,1
652,YF1XZDOOWWGYNNF57MCNIVH4S0AHDAF9,489,2486.4,163639.28,-36824606.44,372023.66,4,7
653,6WZIJ3I596U1ACCQ3Y0Q2Z700D7FR97U,21,9686.69,302279.38,-43986729.22,145893.17,3,5
654,FE88NNIXSMBHFGCDICWTAQ1TH4NFAEOJ,519,9292.48,382662.96,-42813025.34,436440.96,8,5
655,56LMXWZH0YCZYYVHF7AGGFRZSO4DRY0J,537,3074.37,288809.48,-12203671.95,59996.38,9,7
656,GGSB4HMBX7XEDX2PTEJPS7XG1D7GH66Q,177,1219.82,85751.25,-31209619.12,30669.86,4,1
657,A898D8Q3858XTQI4QIB2G4KVTQ3ULQ8G,490,5797.59,305971.56,-30244412.21,183423.08,4,6
658,5EC7LSBVP0ZBE1AEECYAP1WNV3DCCJTU,706,9764.61,253849.67,-49935207.7,124434.27,0,7
659,K1X9W6JN96CAWRZ5M1NZ7BU36KLTOES9,497,9888.34,322063.1,-43347804.21,114470.13,5,0
660,9IY61ROWLQZAPERU0D9ICVKMOIOGZTXZ,893,1963.61,396074.21,-55230921.52,461418.69,5,3
661,JPOQPNJFGMQQWZYFNZ38Y3EJ2G93QCSS,888,536.88,360318.7,-13922952.1,183463.19,3,7
662,0MU54RCORGFY712VI4YXU5S35G74OR2Y,123,1822.45,93193.27,-42104359.99,60128.23,9,9
663,WA1XPZCXKR2UFO4OWO16NMPEDCAJ4A7Q,61,2967.82,491588.73,-13652383.96,365661.81,5,6
664,5QG52M6X55Y5V4Z3MFUOTAS165RVH7IZ,331,2781.83,117662.65,-68686402.39,330299.34,3,5
665,57R7D8WXPIW2FI9Q3JY8A72OUXT1DINQ,85,1334.46,124694.6,-29539062.6,464694.77,0,0
666,3MCQBUVMFHI3BUFEMM2R8YPR149CS86U,29,2956.09,454778.66,-46754323.56,325804.12,6,5
667,KPP0LCRIZVEELTWMQH7BDAKLVH886H8N,574,7074.52,121702.34,-18066814.76,133223.66,8,6
668,2Q1RMAIG83W74T6QHYMSAFDBM46J0S9N,18,9394.04,158709.52,-60785691.53,302198.79,2,3
669,H0JGZVEVG5RMF0J4BA1GPYRVBM8LZP56,927,9561.19,457842.42,-62271957.7,264376.21,5,7
670,OHOFB4MTTLBZZ2EG1PDDIEE6946JGM39,47,9729.42,459389.03,-29299326.86,446679.59,1,8
671,7VOMZU64D82QLPVQ23P45BGRNDO0N8ZL,904,2228.65,456979.62,-22995585.81,255518.44,8,8
672,DNZV2LSOJM2IS778KQ1O6N3VRJ40V1ZU,260,2752.19,460891.18,-41147801.88,393728.56,5,9
673,MNK9CIQPUNSFUQLTD2245HE1AXLAOAP7,418,2279.16,138072.2,-30762110.98,127598.28,3,1
674,PENCLK6PBEY642RR4VKNVXWDMWAVME1L,624,1657.06,496380.97,-60886662.21,211944.17,8,1
675,CJ8D20P3R5UOGXBAPGWJ1LSKN6GHT1J1,165,4624.76,404715.99,-4063440.85,441473.33,3,5
676,1N72B49JLTF970IWM9FMZGTTDZJ1SA3Z,276,5661.24,443532.64,-258641.4,264684.18,3,7
677,NOCFHIODO23NLJTWTT5FZMIR0TN0HEQ4,627,6523.23,274908.63,-28653196.86,106212.59,3,0
678,M28FYYK8R00APKKQSQ1WQ1QOW7MVD75G,207,4506.61,102405.79,-13097966.78,136235.18,4,2
679,7B34YSEKSJ63SV6ZF5WQB786XD0CEUSE,839,684.19,388829.68,-47440973.26,47237.37,5,2
680,MM7GGO8PZE8MQBBG1F6VNC6Y1DBFIIAX,965,4328.0,156910.71,-5381195.74,236627.19,0,2
681,AJUPRTFD1EBAYYW7BUKUKKJX4IZ286GC,737,8036.11,305324.73,-14697685.22,180014.34,7,9
682,XCXWZSSZCOAUNDRA0RJSOQRUB53MYJQ8,10,506.28,20328.28,-2994805.46,138059.77,2,8
683,ZE27DYR8S8HU0IEW1GC8A2PW3WFXJBHB,230,7817.58,423758.28,-20915577.05,253973.17,2,7
684,T6VMZTS3VTLOB8G8WFIW45TQ6G6MI4WX,881,2120.14,5888.93,-18453195.72,233306.91,1,5
685,31CW2JSNJLEVP8DJCCWCSU5Q7B6GZ1WL,102,9542.93,51462.02,-14014676.81,251013.59,8,5
686,UCWVE92SHQMRV89UJ4L96XMMQ4RTZ0TH,359,9987.59,166360.43,-36111172.79,385656.77,2,7
687,B41RRUZ9Z3NCIDA7NLEI8FAS9T3CX3KQ,167,4144.58,136851.5,-36088544.87,17970.89,7,8
688,FBSZ1XT4LFRWCYAI9CWVAVOG42XCA8C1,919,3343.44,442595.02,-69142251.84,421470.56,5,9
689,9RW5KFGN3T3A2LSWTA4R95CKJ1GFVXFB,941,4867.2,303229.87,-43583785.04,479176.78,4,7
690,SLMFFF03ZAMI6579QAV4F83DLASI5WM8,138,6292.32,118079.45,-16412914.17,228777.23,5,6
691,2W21HTSXA5CAGZMZ7VXXKKW890UVUME9,960,4002.87,428996.46,-69066964.25,69255.99,7,9
692,L33E00A5X26CX1HRS34AIMIVNWBKCGM2,424,1799.67,318984.22,-5228422.53,298343.83,8,1
693,36L39BMKMVPY1K3NENK0W5UNAU3EGKYM,354,4911.85,249772.08,-50325997.72,114755.27,5,6
694,8QKWI4ZXBHUP6AKK0SWYI3KGQO8CL6N5,721,7918.34,493032.82,-48073119.21,278047.2,1,3
695,LXLDFO6QBLCEZYB80376Z666IHYGR51T,23,3641.58,406586.09,-12848830.09,252874.05,8,2
696,W98VQTJ5IUHS48LG8AAITVYR38UYTFKV,694,6970.27,298234.5,-1195436.01,318060.53,5,4
697,E66H1EUR50UU41605XLJYKEBZ74DNJCV,445,2399.28,214300.83,-45451464.49,434002.99,9,0
698,MEIDNGRMG334QKGS7CK2Z6VQUTRK71IY,101,1748.98,146931.09,-57853016.77,207440.36,9,4
699,TD7IR555VIMQ9S31CC91H2VDP26FVL58,773,4741.42,261796.27,-18534830.83,211274.79,2,9
700,6E1PVQ2EZFYCX4MWUJTFR1I4EU3BNWWW,731,6034.95,122873.64,-11836437.16,492250.31,8,9
701,JC9PNZ91DELQTXUCZA2JUNGZ4BR421JM,472,3008.01,333590.06,-68472510.13,75415.85,5,6
702,EYE63PE7DS8E576TB8PTN8NXC0CQFNS6,329,8305.64,42031.37,-33473160.76,316525.11,8,6
703,QCZVGH1FU46HKISRKZI4IN9LMNKY8ORP,152,4483.97,204573.61,-60332282.5,70022.92,3,2
704,F0EGV4OQ3910G0GVU461Q1XS5IKAO2DW,434,6249.36,132569.4,-59449868.99,62124.79,0,7
705,WELHEX5902T7FHJ91RP1T9I5DOMQ4PXF,189,8873.13,230224.67,-66944518.41,186716.34,6,8
706,LDEV17SA8SU01QZJ0MP4N7RHPN215RYI,274,2948.27,456491.12,-41329607.12,90176.8,9,2
707,ERFDDQ0CBZZ158DGV2JP5TRHWWXFS964,441,1977.63,95715.84,-396676.93,314516.02,0,6
708,UBU4YPKWKL1Q4BAP0491ON8X6AV9GTVL,365,1930.39,412730.66,-1298314.36,402888.36,0,1
709,10YRS4H2WQS75KIYT4GG26A6OUOW54RA,782,3316.42,267512.47,-54553477.87,366943.5,2,6
710,RVG0RC22QPJNY52OCYU8GN4G4GWQV4NG,309,2714.7,201843.91,-6612046.28,34093.72,0,2
711,50ONWDH4R4DUF9FFBSGM9PSZOV85MRXG,643,4177.76,367632.71,-66062141.09,266841.88,9,8
712,KL4OTFI55W308R9KGHBGA17AG8G6L77I,966,1214.71,236666.15,-48130218.62,107864.92,8,9
713,633Q4CHJ6WFL9F2KHMHY7072B2QCAU0T,391,4253.04,140405.72,-20627850.42,450491.88,8,4
714,ANOCJNS6J3KK00F8WVT1SL1FGKXC1ZZR,729,9262.6,225548.81,-18845665.75,296416.57,3,1
715,M3MQ3PU1QTLTJJ6JRDF6KTMN8SYQ1F5I,553,7001.39,269766.09,-29849382.53,371030.92,2,2
716,57OHSUOCAOKBR0X2NA3UYZSKEE20TPRF,829,9581.88,155230.75,-42764356.57,481836.13,3,9
717,FWQ64XUYKRWC78DOA2X29ATHA47VAMSB,528,1890.87,68083.06,-33417957.15,431806.47,0,9
718,45295KW7UTSD2Y7MLJSOB6XR1TDLCO52,375,7620.18,287827.47,-9980526.96,4108.08,5,7
719,HM2D667HOILTCI2TQBF2SAL6XRV6RRT6,410,7902.91,189069.72,-54037719.48,332562.21,6,0
720,YAIPQ28VLVZTZZQB5VPX34ONKPJZ0R3L,670,2656.69,348399.32,-21562209.09,466267.73,5,4
721,X22Q0PT4WFITQJBSYMIJKP7HRE1H9ZAS,529,7354.17,230974.11,-14045765.13,434228.39,6,7
722,YFZ0QK28DT7W82KSBRD42027BY0T8UJ9,943,1573.86,311197.31,-26832154.9,186042.46,4,4
723,UVT3UWPLTHNHT4XS1CY39A5YTI978NPQ,170,6336.77,56678.9,-61207809.13,296434.11,9,9
724,ZTVRPFSM0H72XO7G6JU1UR8DWETU9PEJ,768,6724.95,145800.41,-45182952.86,100911.31,8,6
725,1U6UR2WHFC5YG2RC5V65XH7ZSXMOWMVV,609,5859.63,53336.65,-58972472.2,116842.43,8,8
726,0J7LMB9ZTIGSQM3V5K7XNSU8B5XM2I31,722,64.42,326876.2,-47338426.43,323340.05,6,3
727,MCPCO6JLE7JKZ6S90QPQYXBN30GZCFOW,204,5422.75,428820.99,-57062594.64,384283.79,7,0
728,Z4HD943KUI8ZUM4QHTDKEEN64R0AY1Y1,451,8768.1,460248.22,-15852141.26,301502.24,0,2
729,XY0X79XJD46SPEEFJ1DCU0SF2YWK2TN4,9,7481.86,329385.23,-18660795.53,205496.96,2,9
730,RG49GJ6JT2R3NA2Y4IK7PZ5HXZ565LL9,590,8167.37,308087.31,-34605609.92,455175.54,9,1
731,VI327CTXVQFXM9YWVVO6HA93USKDFXSI,136,4462.78,55993.64,-55974637.2,120170.84,4,9
732,SV5W291960Q52TO078DZLJJDWPDSTT65,744,2302.46,27829.56,-10682822.83,475161.59,8,6
733,3SHMLECJXM6VTWV6N5XO5EHMKEMTN403,500,2383.92,483053.87,-59135112.45,467479.54,8,8
734,0VFZUGTUUOL57C9GVU9FLV7YI34XGNI5,271,5761.15,263323.54,-58308578.92,408455.14,0,8
735,IQHZXZ138QYLC4PCZE17VK2SA6GF2GJX,686,8731.74,286257.49,-40400812.52,462865.84,4,9
736,PLS7H2NDD3887P7LT61N5AJMWO0HM1TQ,938,8793.09,290792.71,-56955821.83,290955.98,3,2
737,LSH9Z60QG3X3OGPG0F534AYDRN0TCYIM,452,1436.08,376177.5,-10891415.61,391003.61,3,5
738,KW44RY8VMMG7OGR748GXOPTOKJW3LJRO,571,5216.99,160535.87,-38365340.82,235511.89,4,0
739,FZW49L3HPQ3O6SV4BXIVQ4ZF2QAQE5GK,94,2246.96,122622.1,-13086517.46,312156.97,3,2
740,O2K5N1738QLGGLLPJM7MZTVZXNBWYRM5,249,3494.34,388203.6,-28472921.84,271578.93,0,9
741,3J5VSC8S76SMZ4TVHLX2K17WCHS22GXD,114,6189.83,92072.29,-42282197.89,262063.85,3,6
742,U2A3AM3H9F36UD5PAD0768W6PLTTNLB1,296,345.72,363849.63,-43662752.81,324976.95,0,3
743,OP2GSJMKFUSTMZYVYJVQXA514ZDVLT7T,338,8891.82,59005.22,-42509806.91,40690.73,4,8
744,I4FIUSNOE1N4YS0D8AOI6V2ZBWGBLO20,8,7860.53,240583.23,-2894874.15,435637.25,8,2
745,KA7IS6G047BSU18HVR9HARP1LQE81BHI,324,2139.16,245523.17,-36639404.03,66265.84,4,0
746,SS5HR82HUDVM2UR65I6DQPRIDB0IY6M3,16,5909.12,419790.05,-20944809.75,27790.83,5,3
747,TMOBS9U2S6U7CXK9TALOJM1JCQZJ1X8U,193,433.15,237859.51,-13848192.48,86462.5,7,0
748,KTCWXWXAA8736RDPDOKZ8HX5SS9S4KRA,833,3424.95,319553.83,-17545974.93,322722.88,3,1
749,TJ34YJRXUHJ6EBOU3TWMRNBVK6E3OLHC,986,8297.0,394843.6,-42544298.63,337567.68,1,1
750,WCG6VGT88X9KG7ZTHH34FUO2TG6KV2DS,368,8729.37,315725.82,-66724775.27,134834.52,2,7
751,NMUVI0ECIR1FRONTT9BHLM1L1ZDIUZHU,951,3560.73,214063.68,-29673760.6,206289.93,0,6
752,45BPWIZOTGA8PGO79YTJBEU65ZUOJ3SV,334,6576.3,458912.87,-42670354.61,292230.15,0,0
753,2SGWBE0OF860J98BG71YZB76FHM4FZKN,459,8350.21,275213.86,-22182822.35,204563.24,2,5
754,S8L9OJAUP7UFKRBF6VC7WTPPOPUU9J2V,600,251.98,477717.67,-12923646.66,472704.84,2,3
755,06UUM372DPT1NNBGT02641U8JI171F31,131,9534.44,131336.43,-23097898.53,230456.44,8,3
756,9Q8UTNXBS6DREWFGMAKJQQQJ3LHT2DNC,723,1194.54,10148.96,-56793753.33,337115.3,4,4
757,7W7P8YWVFNWJ52NZL590EPBGTU0M8BX7,618,3582.61,392178.74,-15121610.38,388795.29,7,5
758,LYGWF7EQ34A6RYN4T2WXU72E4MUDXIR7,975,2628.07,334006.72,-6502199.86,267258.62,6,2
759,4R7VLQVH14HPIATUZVEZYG6MK2KZIPFH,778,5406.97,100702.11,-11833797.5,213376.3,2,1
760,JBCHCPK6H4I1LUYUI76JWMCTKMDBZIQN,234,9196.9,320194.32,-62302723.85,56520.55,2,7
761,G1JR03FMTEU5263805RPQ54FAZ6ZJ5TA,414,5369.06,266338.43,-5327036.13,185208.22,1,9
762,I7W8Y11PJHR5HBVBC4AHCMQX03YZFOEU,421,169.98,286032.9,-5418754.15,263862.22,9,7
763,Z88HFUP29L7KEBPD2NIZAKWG6C73TMV9,873,4439.73,456296.75,-27380182.28,479466.51,0,5
764,53C3SMXLP0DNG2YVZCZHOLAXP9BNDOC8,521,8046.94,203217.97,-16602669.12,310443.33,3,4
765,FI7ZUU5BS7BVZ8MEQQXTKRSBJF8XHX5I,790,2485.3,272118.38,-46865216.65,124296.75,8,1
766,G4HSRPI9AZ1TFDHW5MJ5W2KK3O7ZJZWE,981,9346.38,307524.39,-32253241.27,218588.8,1,9
767,P321GYW7CRUGOAUZUQLJ0IQW610PAWVB,340,7757.33,81603.18,-34290827.08,358628.75,8,8
768,T4T9TCF7648WZS7545WF7IL1QQBFTDK8,218,3318.4,450845.57,-40254369.76,131859.8,1,3
769,ESOX1TI2M8LIZK8UAK7RARC5H3MVVADL,202,7872.58,147747.16,-30718585.03,302825.78,0,0
770,PEZ0XVIM1QP0H4PLLVA597CM71HVRUAT,13,3403.23,106203.61,-27193592.37,5256.52,1,1
771,HLIDYGPZOYMF17CJIWJCS1P9ES0TTKQ7,898,9833.04,14625.36,-65816208.2,287057.48,3,6
772,42RYX7D1VCNZWBDCWLKI5XSEJAP8UOKS,256,2155.33,494212.95,-62070135.56,7965.45,1,4
773,FJ2CXK8W37X7ZVKZS7LRMA6WMC5T9DBE,360,3107.45,320531.47,-37355119.87,322898.2,3,0
774,0SVC7EJMGFAMGKJ1ZMI18Z3S47AP4IY9,736,582.64,97959.27,-43569053.16,469218.01,8,6
775,IHX0UPDD14L5ZH25QXELU59JMLMC9EO7,747,436.0,397987.42,-62814330.16,252736.59,1,5
776,OQSY8PNT49TYBGJM2165V6C1YV57YGP4,115,7842.18,37713.25,-3403986.02,22450.4,0,9
777,I89SXU7VK0IF7NYAQNVZSK2EVFD567YF,711,6566.96,82913.1,-17036959.51,162348.2,0,4
778,C4PGJDXXATCW7THBUDM33QYUN2F5Y1IW,586,124.14,421450.63,-10617608.88,243321.86,8,6
779,E60Y53SPT4FLF981SZXMBTQZTNAMRMFW,982,345.48,181848.61,-28351134.1,298116.65,8,7
780,PWW4PDPPZA7D63RPY9B99IL71JYW4P3P,792,9611.73,399152.64,-43649325.71,475367.68,3,3
781,RX6MAI5RD4J1O6QFW65NRBXS1PNDRST4,679,3273.8,447064.42,-37988460.74,35370.77,6,3
782,TVBD18P10HGJUUE6RFBUOMBF8WXUT6IE,531,3623.47,451249.9,-56921914.02,211861.88,2,8
783,KXVMC5WAM43A5INZUGJQ1IKV5HEE6003,126,9174.9,357283.04,-18278101.41,161678.14,2,4
784,H86EOCNUQFTJVF1JELRM788DWGRNGZ7U,924,9294.4,93443.77,-2003907.72,169415.43,1,3
785,9L0C3NEZCVAVLYU7ZPWMBE3C3M2W0WN6,215,382.52,157627.17,-16412402.15,341760.73,8,3
786,7HTTB8WN4UOWAZG14AGV4CF93VMUCRVB,783,8609.25,416909.74,-20506705.91,37232.79,6,1
787,1UMAFCV8RGFQY8IEZBYUC4I2QPR9Y4W2,557,3338.02,158198.2,-43925860.22,495349.68,5,5
788,8Y132T8LSM8PV2VKOSPR1OP8LIT4LBV2,556,2380.68,73780.18,-52877143.99,64666.68,3,3
789,NEU5I5NOYDKXG8LUVVAMCD2QJO1TCA5Y,961,3349.08,72365.0,-1495747.44,271151.5,6,8
790,A5W2OKY5EJK8CV1Z8R7KC337XX6XJWJ7,958,6351.68,191705.98,-26602259.55,140580.96,7,4
791,LIL23LDV29XORHDNUHMJ5JSZ2918MRJ1,669,7414.14,384955.67,-16767944.58,364729.1,5,1
792,1MQYF52ID1TRER0V1SH5T9PPA1FC85S4,593,465.1,164666.42,-12902703.05,260872.19,0,7
793,09JBFD8NG7BHZR0F5BW7VJQWCSQSVA82,404,7484.91,416930.22,-57633662.49,337926.07,9,3
794,JX247OLTF3MG9Q5AVNJH26TXSJF3L7GW,577,2075.62,184626.5,-2692916.11,76523.02,6,9
795,TNY7RX0RLEN91O8I367VEB25V54DWA0W,806,1114.66,151107.34,-30211492.48,135878.22,5,6
796,RLOI2VRJFHORTPPLLTCMKECI5YWSQI8Q,523,578.54,204733.3,-62654573.68,381648.82,3,4
797,RHCIHWSQZDT9LHOD21QO9OULBCL5LUNY,431,9433.2,436572.79,-45777561.03,291360.28,4,9
798,P8GA6NWREFDT2T3ZJN7UDUCJ9XWQSTD1,461,5868.15,200430.37,-40145437.97,467128.42,8,0
799,5OZ7K1ZAKBKD6E5GOGL8P6UGEDAH4FYW,789,9409.04,170765.84,-50697902.71,129787.55,7,0
800,MUPCK6XM77BHQSU30SG04Y0GNGA14HPI,857,5309.49,91469.88,-13568572.2,103251.55,5,1
801,SUHMLDLOS3C2DIHVDRAMJGD12Z2PRJ9R,0,6824.92,498337.01,-20760838.44,183846.23,7,3
802,0DJQ05TT4DGW2GJ06YCS7COQY3INXNYG,623,9679.15,315631.67,-64122510.9,11108.48,4,0
803,ANL8R5V9235QBRNW4N86AILAWA0IG35E,944,3637.85,313723.36,-22150606.93,149158.39,6,1
804,OXC0YP9K4E9NYPQDXMBK6VPIIQ1E2B1E,388,435.24,352479.74,-14795024.18,483144.59,6,6
805,RZ2JJB9JX1BPGB44J98K7LZE0JAAAKVQ,263,4842.77,436008.77,-53473885.53,422126.34,4,3
806,Y5B6PIACB6QD2D8IKVZGLTPPMURR7NY8,900,1894.47,412903.59,-11827089.63,258152.2,2,2
807,VG6MCDYQS3EEB75RTKE1J2QFVGPPJSKD,257,4786.58,304726.8,-60067851.73,218634.12,3,7
808,LNVNFAEHRYLALVMSP58MQRDTK88L5T8W,836,3685.59,105370.47,-36051532.79,205078.52,5,1
809,2L6UJL7NRQ2GBXG4D9XWZ7ZDMJCW5Z3F,794,3145.21,156374.96,-22893500.74,113137.76,0,8
810,0NFDY0230UJ9IQEWNM8MKZ47OC13QUPY,702,979.03,342036.65,-44972507.48,247629.42,6,1
811,2W1F25HLQGMPR0RMM669ZD021BP95228,502,147.76,288246.05,-66524378.66,13790.37,2,2
812,GRXHTIK607LNGOYWRQPBDYWFP6ITXK09,226,6132.79,450593.65,-21914465.71,327160.02,2,7
813,RM110JNL127FZO015B999RD2LB0JH5EH,406,5251.77,337431.86,-58099018.73,421064.68,4,4
814,H8XZ8UOGGK972J8PBWMUX9P3FSXZSDFP,400,5042.36,359712.09,-22241258.08,327905.26,2,2
815,57IWL691B8DWHD6LEARD6BJ1H75Z1UI0,741,2197.44,97694.98,-17386941.62,366145.27,4,6
816,R50H2XZB97CZVTRKV8G0JXA9X3JWYCIE,601,6240.1,406777.05,-13548919.74,188690.8,1,0
817,SOWRNAG5LIBIMCKVW8NLYB2Z0OGG7V1Y,341,3716.76,368948.08,-12659485.01,216273.25,1,4
818,SZ1CQC8BQJ1JTKI4K097RFMOIMEN9XA9,465,2172.28,470367.46,-28362415.48,301818.3,3,1
819,XUAWY4BV6BOW1P26X4DNLW7N0C0BCB73,947,1001.91,138715.33,-15308646.49,155043.44,3,4
820,IJ7PFQ3BBE6RX4IC6WC1R7JW9STPHJF1,162,9064.94,476835.91,-16818426.4,367981.51,1,8
821,761S09L8KT6JT5EPTH8HI0J660NTQ02D,547,4772.6,298041.24,-56221100.63,492999.74,3,5
822,SWB4RG4A8JCW8SUU28C4NFZZF845XPCV,57,5661.66,146710.44,-27096823.99,76916.03,9,9
823,X8MIN6XG8GUX342BHG6U6SS056D5EE39,216,2536.23,125010.31,-62078559.01,396048.88,4,2
824,42X7LGVLFVCDIWOWZI5Y38HKGSC5JOSZ,206,5142.5,201869.69,-22778522.46,495810.58,6,1
825,MGFBKM21APGD0OB6GE16JBA42Z5B5VNV,385,1055.62,322.06,-4108495.96,450016.86,3,7
826,ZP44Q5SEG2M5JXOY71ZLPLV9YK1AQ9DQ,314,555.66,220934.32,-48464187.86,267613.58,9,4
827,8RZAS8CBG5FAZELE72685EMLGYWJRW4W,305,283.44,464111.53,-51044637.03,151756.99,1,5
828,XBH9WVDOXV2RKHXVYEQVVHO0TY12LFN2,119,5785.84,109384.14,-37722079.86,45670.36,8,2
829,EV2BH05KHAUFSLMVXI3UN99RXEUH6TRZ,645,8882.32,354792.67,-67153507.13,406525.12,2,0
830,18KJETWMLTXUKKOFPSOGU0QO9AL895UG,512,9104.74,6807.36,-46660452.59,239591.55,0,1
831,S6MS73UVC7NJ2K6Y0DNEYFG1PX3ODU4O,488,5284.39,205782.88,-37056614.58,119703.66,7,5
832,TFMRHH8WB7KWG7O6WG8214DND4M1T0AI,867,3599.69,491270.35,-68700684.38,434863.89,9,8
833,CSIN7EL98UT6C7G5XQKQ28A5Q3YJA9F7,300,5173.3,450079.59,-37639223.37,458352.92,8,0
834,3U37NE8HSV1BHQRW7DY80L50AEO9KAND,103,3280.72,171745.82,-37480175.36,194465.04,6,8
835,VWBJORODGKZUJCC7E33S0FKFR700TH7Y,444,6817.11,490079.83,-4991151.6,108762.36,7,2
836,WF5YMHTK13Y73X38TAGNRZVRPMQ1RJRL,990,6581.6,140598.55,-6347673.72,488138.3,5,6
837,FL1BXX13MO58I43K12LVJZ33D9SBG3QD,190,9839.08,332709.64,-62389798.24,118498.37,1,1
838,K2RSOK5OO545XB32YKFHNZ3NVEOZ451G,798,994.83,193956.99,-32115333.4,12199.38,0,9
839,J4HAHASRJB9O1BD53F7XB1M8M8V3WFSA,997,5953.73,98838.79,-48521612.25,346133.66,7,1
840,J9B6SPLHQF5XCBGAAEQ9H6MEMCAFSRP8,259,9562.55,485584.55,-11145718.75,428502.16,8,0
841,W2R2OOTESGA2IXDQ2DLH9MUJU9XB97XM,35,9748.18,246005.93,-15287531.96,165065.64,0,3
842,7SON0WJ8HE7O19H6WVI3HI2M4NTAINDJ,837,8486.76,297838.64,-20918535.11,7050.94,8,6
843,1SRZ9KPPVPXQ5SHDH4D81NIVM5AHA3KM,824,9417.86,33153.67,-63464277.42,107874.43,5,5
844,ZIMEW79ZH3ZEK3T5FT04QMY9VLPOKJCN,840,560.99,414603.26,-47846279.77,381934.03,1,5
845,L7R2CQSD06KOT6DYQAJWM8U2JLD8Y34U,436,3273.82,264302.53,-33026249.5,375385.08,4,0
846,HK416F8468YXRDOIU80IVTY5LS28VKZ2,438,6345.11,328513.57,-25848908.29,99596.13,2,1
847,5VDA9744UGJMM69RZD3TT3LWXJE05EWH,939,2977.41,428910.93,-16612786.65,73465.27,1,2
848,KD5M6AJJ0ZFHTQWN6E956VOPCEYIZRJ0,614,8439.76,154558.05,-38648791.14,2772.07,0,4
849,GB1OV3DP17IG0IJT3NIKH41L5SI4GD6G,750,3946.33,131759.15,-37674337.7,198982.55,7,3
850,CJ4Z2PYGADZR0760BUV4D0SO6XH0WW8M,443,6013.78,197185.15,-40237155.32,253643.75,6,4
851,CF1CMVI1YN4IR1YNEPZTR0A5NQCDU827,761,4637.68,200303.25,-39934224.33,499352.61,3,7
852,3PB4ZDWJ7BAITBDEQSGK3NWBFQLB4W3R,791,8307.23,402156.52,-1350823.63,141403.29,7,4
853,LVL25OL3T55NB3500P0CMS0CJ5Z5ZAPO,435,5510.4,197484.62,-1370354.76,390452.24,3,6
854,T3QVNTZ705PKJXLKQ1JGF6WT0N8SF4FF,804,1867.6,235211.67,-23749183.38,84539.21,9,2
855,ZVPD4DGDRA2RL6TYE61OOHNK9HDHBYR9,551,9762.1,286958.81,-66189930.44,426535.32,1,3
856,2R9XFY4ZLPWCSI4V38O3VW0ZYVZ94Q1X,307,6527.98,275060.06,-68943053.35,341735.26,4,8
857,M3V1O0AZ5LMO1JGIPP55CAFFEVVKXEN1,550,6315.86,176092.32,-22840128.14,407599.59,9,3
858,FWFYGT3QTK9RDGI2O7P3E0O1V2W8DNJE,662,680.38,374880.3,-34691731.8,317620.94,5,9
859,M13C6CBKKY1M0TTDWA0DLYV5E0WI7SN8,615,9356.66,212452.48,-35859104.18,223658.27,5,3
860,3A9WKGREMA0S52L8R8GMFTL2L6QMEL6F,636,6505.68,426233.65,-24404491.52,70891.38,9,9
861,UO0IWBIR0QE5WXZGZYG58QT100WU2BCK,401,62.9,467070.94,-53924415.08,361486.04,1,6
862,I6XWS24M5XGQ2KH81Y0FP8KGJR96BBEE,395,7074.89,189411.86,-3425887.61,472234.86,5,8
863,R7V3KXW8ZGV0NFUB22GFGW07WCLIYADX,6,8060.02,89468.37,-25126954.38,846.4,3,6
864,06RC9ST03DVVHSW2JI1QXW6OALTI1VSO,946,1515.43,365471.75,-19448695.3,320899.24,7,7
865,QBSPYQONKIK28XKGJ7EGHK9675F3IPD3,655,6027.37,426231.93,-49974518.06,181528.31,8,1
866,OTW0U2OJCYD8YJQK21FU2D0RC4YSOR8V,532,8964.33,28700.52,-42294068.33,159960.07,8,3
867,PWRXQB6MUTVQ4ADTXXN98KKAAPIKI8AT,953,2302.27,457454.35,-49981627.09,176522.41,7,7
868,NIZYEPDNI3E7IM0FR587SNCJITJO738P,254,3842.13,222873.54,-46474186.48,268390.9,9,8
869,MHKPOVNJ43WH42QNYHR50UOEL6PS0K39,871,4428.65,27337.91,-25815138.93,377723.62,9,0
870,KMTI41P32IZWAWMNCPCWFHKN71G9GWTG,26,5081.04,421744.16,-47420829.35,297818.97,1,8
871,64YBAQJZMMSTAN5MQRC3EXR43463ZUR7,95,6691.61,361375.26,-3477130.77,239313.78,1,4
872,20Q6LQG02G1U08PO39ILBHH5BYKKTIZO,688,6402.21,148965.52,-54190249.64,94474.45,6,7
873,PMHYIX1RRBWB5MRDZEJGH6ZQFK59SYWB,56,445.42,362411.77,-53253253.99,186608.95,3,4
874,9Y9MTK4NK2SKPU33TLH5LHE5OKBQGZ4M,549,5731.51,208626.88,-60968377.15,392776.8,0,8
875,Q6N5IB8598BSZQWT7VKFXT2CWDY6L3YC,767,5557.04,319772.29,-18565447.97,432320.78,4,1
876,10VAVPIJIPUR5RHCTCQ8UNQQXXR4Z4T3,208,7529.46,190428.15,-7142019.68,323241.11,3,7
877,QRKKJJIW73R795M4BDAWHBVMEONCVJJS,775,8070.15,412068.57,-41965304.22,155671.82,3,7
878,YHF1UDFZ36DISM936AJ0BBFEJ8CK41VP,52,2292.09,6880.48,-13243942.64,308959.06,0,3
879,0DCAUJQMJD6DG5FQY7B3AGUMP09TP8S1,422,476.64,355184.78,-59998792.54,300570.85,6,7
880,UWTAUWLXZPZLF9MUHUAUVR9JJXQ8GDCN,859,4611.56,363716.26,-7226057.66,257318.44,7,9
881,V68J6S6YKGTPQ091WXHOMUZ82E30DPES,44,5397.14,64651.31,-27852602.59,58828.51,2,0
882,L9D8XXXI9AUAKX45AMOSHFL39BC3UE28,280,5254.83,201720.92,-8628892.55,111084.87,2,1
883,5Z24L7NL7R4OPIGO4963W7U5HWSIAACD,361,5975.49,174557.27,-67554556.5,398842.68,1,4
884,ZZ1QBKX8Y3HPHFUTJC4F8R9S2WGOB9E8,772,3293.69,491235.56,-3489436.68,432413.78,7,6
885,RVJSX66VNVNHI1WI2XQM8OP4QKDASQP1,50,678.64,378523.33,-6357694.1,380656.4,0,7
886,VSLMIOGZ5T8U11CMSREQO2WP69IE0Y9R,311,3019.16,345871.08,-55896323.87,207337.58,1,8
887,2WC2VTOG4T64GXLP39PHNJ6XTCH71038,153,8772.96,295573.61,-19275518.45,50321.79,1,1
888,5WSOC4F7L9VZ7D564WRXHQ5NPFAYA01Z,673,6265.28,461628.18,-33419245.41,436707.08,0,5
889,4CJV26DZ33Y9J9EFD0W34MQOIW9WWGAN,906,7478.57,134692.74,-46846874.65,490556.47,2,8
890,EF24XN4NA0H2LPK7UVQSK8BPE7DU7ZJY,671,9722.37,363265.03,-51585437.74,233104.55,5,8
891,LRMZJMN5ZPRSRWDTT2SCS45F9HZ64ZWX,270,5709.27,190318.86,-51804412.53,243645.43,4,8
892,2FEZC3NZZ076LE3YHJ3Q4H6R1QGIZ0EK,949,6004.61,22715.01,-12702074.96,273235.13,2,7
893,K391PVGR0HCYC2WOFS91952NUSP0TGTF,287,1377.81,388519.85,-21522825.7,396111.65,3,8
894,F94AV4TG0OKTEJZV0YLUGMXHEZLSJ232,546,2899.49,77505.09,-51127560.61,239347.99,8,3
895,7RS6RYX6VY02VAHK0V9RHSZSUD82BQOJ,540,1984.79,71906.96,-54856355.3,375136.62,3,8
896,51UUCI8XRFXDCGU56JM5W2OD3VCFP7KH,473,2380.72,430788.91,-35232195.98,376444.93,2,9
897,S2RV3F6JK16F3P6ZHGK0VZB1OGTMCXYS,852,2704.22,494502.4,-23526690.54,253514.93,6,5
898,UG9ZRKJQN56LFRAFESBUA95456W8LLFR,635,3666.0,492259.1,-12964772.67,442933.5,6,5
899,MYI6952YQNL0CHRUNYMSKVM40WUBE2FR,869,3816.19,381113.42,-56626093.12,451314.19,1,4
900,P87YHGJFPAFNLMVQ9CETEBAFSLOREZUP,171,5429.8,42275.23,-16833353.93,12380.52,4,5
901,E0F4VHZLFQOGL6VUQNC4C62HMJGBXSVI,411,1745.54,116880.02,-40545402.93,443946.19,3,6
902,P6BENADEFSX3EJEI072WH1T9V0LZCSWB,116,6005.7,403860.4,-18975660.41,176099.27,9,6
903,RPK1E0DX4P2O3VBH3GEMBX3NK84SPSD2,637,259.32,270982.79,-1012987.5,59734.32,7,2
904,FLLUQPWOH1S450H8XP3QPRL9X99DVE4X,948,308.25,429643.08,-37183446.16,19427.17,8,2
905,U2CZLDWBNMJW612NUYXMVOG0DPTQQEAT,69,2954.32,206412.52,-17280346.76,497472.43,8,3
906,3K5F32L8G3UBGWXQ7T3QL1C2KY5PWAC9,235,8358.29,2074.14,-11898455.84,153209.22,7,9
907,C651771X9WSE5TVJO19KAFKDCLLQXMUM,762,8317.28,432961.65,-50398628.84,480487.37,2,2
908,ERY2IN8CMT69HOXX6C92NIK1IU3Y4201,603,9519.92,161251.73,-27464343.17,469952.33,5,8
909,7G7W4VPG1IRXQU3IO69GXY713ZVW8B5G,378,2377.51,192671.02,-69206550.54,409625.09,7,2
910,96ARD0CILEBBRUI09VZISCIG5M94BI5U,448,6469.87,476103.71,-54252036.75,144150.93,4,9
911,EUGGPO2EZZ5S2HC5YRTATS0YETF9PB2R,342,3820.27,412852.59,-63770920.42,417240.81,2,4
912,0LCLDPVL06GGKFAXNXVI8ABNGXZNFMLJ,53,5333.35,195087.22,-36351692.05,428521.2,7,9
913,AOEPRA8CMSM737UREQHPJ688844OY8CJ,231,3067.16,419359.63,-32727741.3,342602.72,1,5
914,PFCTZV81ET8AR1NTS23Z5RF8KPVJVYHK,164,4587.74,476557.84,-50540849.01,415859.12,7,8
915,R8S2U7K7JFTWXOTDOPRXP1JZOXXF4ZSQ,183,1289.97,22540.78,-43380783.42,169618.26,8,8
916,D7N7TI0GFYEO2JV8WMUV3AGJFX6H07F2,638,8744.34,298132.58,-27644114.54,459234.8,6,7
917,SITR6ROZ02ZDGZG5FY747L2MH05H0LCW,433,6144.33,426768.16,-48160112.53,411617.37,3,6
918,CMDAP0P4GCXTXI62ZP3X4U385MI7CCL4,425,3934.53,154296.1,-20951408.21,445594.55,3,5
919,92BBBKIPPQRLLFC8ZCN8O45ET5U831RF,503,3283.38,433727.84,-56308221.44,263551.45,1,9
920,LFOZJD1P9W4P032S2E9IM40PRSQDFYZL,728,3740.3,97648.63,-55182312.42,297054.47,8,9
921,78O8X3ABBZ5OAE0FN9UVCYG3YYER1RF8,446,18.84,351039.05,-67219163.87,321901.57,6,4
922,FMM4IGARRN88SY0YZZFF33KCCHO6BM4L,291,4582.81,391265.27,-6509682.17,64514.41,7,4
923,AI10C48IABMUCQY0AONYEDODX9R5TAJG,182,2786.79,499559.52,-32825881.3,182728.66,4,1
924,EP88THSK19GHJDL2IM388LFNRYCN48MA,240,8209.27,497425.95,-22016270.83,59089.5,9,5
925,TX6Y7PX8TS6SA9NDTMF2M0H7R3T8G1C8,195,1969.69,278988.7,-48679094.24,70085.7,5,5
926,YY9YX1DYPP0DR8YGY0UN7S0DAOM1OSAF,321,2065.6,400883.0,-6462986.84,437891.95,5,3
927,4YN1EER1J4WGWLT8NIDL9FHKJMEZ773H,993,2686.47,215526.54,-51389156.88,204984.48,1,5
928,Y5XKG93LL57JQBT0FL3LARIGEI57235H,842,598.0,330142.35,-24407697.52,346268.42,8,5
929,BKSPYGP3LHGIYY65CIS1UYD1QQQ9P12R,457,1086.59,58363.76,-27913013.21,85327.08,9,7
930,MVRFLA1QNS49BARSFJW3J9SHLHRKMUU7,180,2522.65,420385.36,-49260435.31,129754.12,4,7
931,W8D5FJAZ61KEZPP1JU1CN8GJG7BIXPJZ,264,9722.61,199855.51,-230019.7,137277.56,5,6
932,DK8A87PAQHTWJ9N362HJMH9L7VWQI2XI,469,2705.74,219699.83,-3344616.72,280872.37,8,3
933,GO4MSGSTZIJ9WW1LGJT6C8BRWF8UEQXH,440,6344.54,86738.82,-7386808.1,77156.93,8,9
934,8GEATLJK20WBNLW5T44FT3JN1LZV8SA9,15,835.36,96713.98,-46623535.4,115881.37,7,3
935,26OVA5L0AUXJ2VJWECSBLBCNIU4YZH0E,566,8405.4,323558.27,-49933021.28,312321.13,8,8
936,H1ZNA6QUFCMO3GXSQAJSW5UF4FJT2E85,353,26.41,3129.34,-32475529.44,191293.15,5,7
937,GGC3ZH9AOS0JNMD4UPR4N6QKASLGB32Q,79,8663.94,183823.92,-58493965.77,5735.14,3,4
938,M3I3GYS2SFY06VNI4CZ5243S98H7JE5V,878,6455.65,49502.75,-58841032.48,184558.77,0,8
939,LQ5WT0MOWRNRGZAGQXWKJW57079H890Z,581,1345.92,43008.1,-38687177.29,418962.03,1,6
940,WZ1PLRYX5F7NBF2Q3MZAQLS0WUBY082L,970,2732.07,299359.08,-52157401.64,259262.35,5,8
941,AI3NGLI5DFJ07CKHCYGYVAYGLKROP2GC,130,3929.19,223569.35,-51328584.43,230795.01,7,0
942,IUOA6T9LPWAER5YMVLAG3RUC317MCOT5,405,4353.96,382128.71,-39069782.51,75577.75,3,9
943,D62YE7HOUJ2MKV7TAC3FYD5N4WUY1A7Q,715,4261.15,256134.33,-38076873.57,316486.0,8,1
944,6BJXIML8VQ2AXEZ7PB7U8BI8OZF6ZHAR,805,4881.87,284644.63,-23530416.04,246001.92,3,6
945,KFWC4UODQNS4DVX9N9FU5OHL24T2VJTE,283,40.71,305041.71,-67207014.61,480684.55,7,5
946,CBMXK7BLC03D9ANLPZWILR68S0EPQSRI,447,7081.04,359540.82,-27902134.89,139930.87,0,0
947,FAVRDNTISOOUXL25637ZAC49SH4IJVTO,699,4119.8,414361.03,-41992924.76,96701.9,9,9
948,UMN5DEDW6UWJC1DKJ18OCQW96ZFK1W36,67,6221.73,156404.28,-10506915.85,160423.35,7,4
949,3E6JI7EQUJ0XD22DHYD1QA8HTDB9TK16,942,1654.63,2098.69,-2874592.85,50793.83,1,0
950,T19TRWB03BXS6B4X01O3A32DDFILV7XL,12,91.41,41465.22,-52450162.51,370355.78,9,7
951,DMMR094D9HWH8CMAAUMKS0RPPI0U60KX,450,3218.82,428816.88,-8378292.75,375884.94,4,9
952,O8A75L6ZRQHSV1MZ8EKVDLNN74AXXSPU,897,9246.81,185493.36,-43590067.2,250056.97,9,0
953,X36HDN8NEWZIMFBTUQID31OTQHOMTSP1,151,1748.83,466278.27,-40642915.56,29887.93,6,2
954,4D9OXOSSJRQTSEDESWM7YK7NG7YQQA2C,976,2910.26,261745.66,-68115540.89,68636.23,3,4
955,ZL0OYR8832AARTG8N1W9B97ASOS3Y05C,396,5546.62,167721.31,-1683033.46,434560.97,6,6
956,WJH8QZS00ZA4UMPJT1TE6UK6ZXL7124V,764,644.5,95132.89,-54048369.8,140162.38,1,4
957,CT7HIWTVN4DS5YJ2B52JP017JWPS6G0H,887,4500.36,72770.95,-3882966.01,265710.03,3,5
958,NCUBQSL24ACY6X4JD5MPK2MZKSFVLR01,499,7838.8,65340.3,-44062948.51,52141.87,9,0
959,9GQ01PWE1CUY905WZM34840PM9SW8TDR,328,6859.15,221283.97,-62435598.0,108457.99,6,2
960,IO4XEVTKI5N1TP36YP2G7DEPBR32FDHG,454,576.78,320565.44,-21994055.17,326624.51,4,9
961,5XZH7IR62IL1O8AO96IC5JQ0YCXO5JZI,60,3869.38,429588.05,-42719097.17,399596.31,7,5
962,YL4QTSKHW7KU7JW3RWJC5H9JDGUDQA22,485,2275.0,233273.78,-62785303.66,157658.08,6,2
963,DP9ZBHU1QLNG1MP9IC9YZQPGV51ZE99K,220,8298.43,201885.2,-21774860.97,211426.84,2,7
964,0H0OKJE27XNI32B7U0YAH1NNJ5U7D4RK,482,9892.76,405474.47,-26604979.15,64726.43,5,7
965,HLBU7S2X388ZLNLF9XZNIUP5NRDJ67GQ,974,86.09,73416.31,-46311037.18,70288.86,2,2
966,S9Z06HO6B66Z9ND662IQX1JKSV2E2GXX,32,1780.32,181964.51,-56955483.06,134546.9,0,5
967,T02FSC0FSNPLJURTU5BJF6QY2XA0LKRL,90,703.72,443860.97,-57477097.91,384334.88,7,0
968,DZWV5N5ULMCVS5ZI5RJ7H508P2V6FAJE,24,8067.67,463203.81,-60186932.3,266302.37,7,5
969,8R9BWLC12NHKWHFEWK9YWC1BZAP9I5M1,524,5416.17,410109.19,425317.17,310563.82,8,8
970,HJB45LNOPEAG11OF3FZRACA3ZY0ZO5T8,121,6186.76,317796.73,-33823910.8,114728.15,3,3
971,YWHQ6RT4LI2ZUV5XXFTPZYIRTZE4ZOV0,714,1562.37,242855.5,-51446086.1,35333.48,0,8
972,Z22QCK10VVUKPPDG0EJW731OL0ZKN7H4,200,6834.93,376645.29,-47591009.06,460415.96,9,2
973,AZFIO459PUG84SFK7911NPG9AGUO222D,458,5905.43,203267.47,-7878653.18,440441.99,1,1
974,0K5BVDGDY4OAAO7U4T9SLC39QU1YNABN,468,4247.95,314338.95,-58492811.94,146440.77,8,6
975,WGSWSG3VKBUEBL3LGPZ1QY929L1DEFE5,137,2577.53,393946.86,-23241264.08,419959.08,8,9
976,QXTM8UCCJRLMEUOFSUN1L0N7ZAEMA2GR,97,695.73,253306.3,-31941071.22,305187.22,4,6
977,Z9ND3OUG6QTWF6PPECFPNR5IXQ0ULPLF,998,3432.76,347391.0,-30287983.41,215440.02,9,9
978,0KA9Z07K8LNRL8VD3LHRVW21M03ZQ6IB,559,7880.46,272740.95,-35036963.18,425105.66,2,8
979,QDOO6DEQIBU4BLBHSA10HWLC0DNAZLW9,39,6758.38,445867.12,-61057175.48,492265.35,2,8
980,H691D9O7GFD9H4A6YSCM9IIMOW7KTYSR,333,802.0,156092.17,-4598913.36,352265.57,1,0
981,LB7W4XI1DBJJWVXSVTGHZ59NKBAAVUG7,611,9552.68,402997.09,-39599791.26,457399.57,4,2
982,TVNSRO5YAI69B1X3BTG4BQBSKV2NUVFA,251,7250.04,223829.8,-53975614.93,278141.36,3,9
983,8NGLKOWTP99XR154NFETTJUYGU6HW04J,486,5210.54,391548.26,-28307570.3,310229.02,5,8
984,KRRVG0J0VWEK7FWYPLLFQCDLOTS8K5EH,318,6556.06,227074.47,-29792716.54,302328.72,9,8
985,LIFKPG00CT4CEZWHFHRJ08VUD8WNGLXA,246,6354.69,243639.19,-3498112.75,218410.87,3,4
986,EYI28J81LMK1AJW7Q33ON2751KUAME3P,80,2244.17,168040.34,-18581597.33,274596.45,3,1
987,RMAJXMZCFP16DT5XEZLJYOTY4HLX26GY,506,3732.51,186469.5,-12381386.58,460063.31,5,7
988,LS32F1B0GZY0GSY6N669XIF0IDHAZON2,19,5087.47,283518.0,-20844738.53,432276.83,4,8
989,6ROMXECOW47IX8GRF0WT745EK13915M9,854,1091.67,277948.61,-40187165.96,413632.59,0,0
990,ENFKWG00OKU8SVUQNK4HMKGQCI0SPLP3,856,9610.39,262449.08,-4454849.97,272236.61,1,5
991,92RJUF4MUFJWWP09OS96ROZYAFFW92Z6,866,3314.62,409064.84,-67372892.02,356207.24,5,7
992,IN8W8NSZHOH6MO5D4186XAJ12VLV2WY4,527,5976.25,421240.92,-68002436.62,268816.19,4,8
993,L0P0S0P0RG99DGCXXXEFKPRDL5WT2MGZ,525,7666.9,293051.39,-42188972.38,192590.43,6,0
994,JS2SDJDA8DQG3YMKYOG5VZ6432K9SYYU,17,5547.5,300226.48,-9586086.91,165640.53,6,4
995,H7LXWB8DH8YV0PMU17GGSDY5XSR0RW8S,541,7102.29,284607.83,-22739093.82,73732.83,5,5
996,PKTI8QHIIDV2VU3CF7ARTW2AVTP353HS,634,667.49,488765.8,-16607938.8,112831.7,3,0
997,XKET3DO0DVG9OH7YEM9UBDGUGPGTIMTT,763,6070.34,374631.73,-48562466.47,239033.26,4,4
998,98I27LYR7U8UD6XRXK1GTC1VOHBVRHDQ,179,196.67,44084.61,-9234857.19,326573.62,1,5
999,JE5OR194OGMRNMDM8VAUKWGZNP8SN03F,374,1435.9,78791.64,-11488937.02,223674.17,3,0
