,acct_id,max_dpd_3m,max_exp_6m,trx_out_sum,trx_in_sum,cnt_trx_out,cnt_trx_in
0,DUN12HN5H9WLNSQ2OYM2CUBX11XIPE4G,851,8795.01,-38959666.92,125079.82,8,15
1,HAMZSIBWJTXZUZ2QC6F3GKMVVRRKSDHL,107,3811.05,-51956201.29,19026.41,9,7
2,I6IMP5JO2XF53YK2QPLYQEMDFIV6Z78A,175,1515.91,-55816551.75,257443.58,16,11
3,P1AEIIVCXIRIRDP9MJRLNCUSJS52IO1Z,144,7700.99,-29396886.41,172535.72,3,9
4,PW2NK4W7ZZCDFL762A2Z8XJZE4P3KGJG,735,9952.51,-283900.14,433882.18,14,13
5,L9GIA0KOUIV0I562QYDOKMQLVT3DM50W,702,1683.46,-58493240.54,269852.74,11,11
6,PY3RSEHILQVAX8RN5A4GVEBSE9SLUJ5Z,190,4126.95,-55317411.28,4049.09,15,16
7,OTP469W8BO071KHHZFMHJRLPR2EKGJX6,697,5363.1,-525912.51,492601.59,0,12
8,CKYUGLWCF7LLD3EN2SIXFMSZ2Y3OPG58,274,8391.5,-10092216.88,297438.37,4,2
9,1U4JQU3MHS7B4OW6W0ZOF3JEKCNDY0NS,19,1604.2,-12025726.54,36665.26,0,16
10,CPRWTXE66KIBJG8QFWE8RW755DD0J0AX,545,1632.43,-50505693.33,55651.52,13,17
11,QLTB90XFDKVDH5VQ5BIVPDIGUBQU0UD5,720,5318.64,-40846808.72,115241.93,15,9
12,5B4N67LB7W0YP5DD3DLTA1ECNQPEALAW,268,5910.9,-67184306.74,366930.1,7,9
13,YFJ9B8V1Q15IQXH2YDGJ29SSYTQRQTW5,314,8119.51,-9825599.44,77378.95,6,2
14,817EQAKXH8V6TFXGBBE0T6A4MSBOTDZV,288,7403.63,-8508755.01,304390.37,7,11
15,5J6QVSSWJUEPWUI9H7EJ3330VYMD355G,318,8466.76,-41309873.37,477108.96,9,0
16,ZDYJ75K272Z1ACZ3I6EV5F1AGZH2GTCX,968,1697.96,-16772976.98,81880.53,14,16
17,6VCOB6ZYEW2H18921K2VR3QZWLXYHXK3,85,4614.78,-24593231.1,287202.94,18,9
18,TVEFFFYE8Z6SHZJ1KIS5Z9XDJG9CRIQ0,230,5560.55,-5976614.04,480365.19,15,2
19,UZX1V9W94E4G5B27G0VNEUF0EQZNDGF0,684,1432.43,-1755171.66,88245.17,0,17
20,UCKXTPGVBNCOMSO5M2N8BESH4VLM8L6K,75,6452.61,-22102447.07,356427.06,14,7
21,PNEK60S3MZSMH6U4LADMRHHZA34TBNM1,348,371.01,-54330830.4,147899.51,10,0
22,814QDBLT97APX28RTTQWGHFYV2OAJ707,232,8481.66,-27256838.77,307012.28,6,17
23,PXNCTAE5NI323Y9ZK8U0UQ1GQ2VM2789,971,8534.81,-26573159.49,360880.0,4,18
24,ERJFX74ZFJEVWEZHQRZ4RFLO38KBAMYM,733,2893.92,-19372027.45,37413.07,0,11
25,F8478WEWIGXOOF6FJK97T8GX29Z17490,55,2208.35,-16889091.55,172476.9,2,2
26,KB0G0BA3BG7V14I7P3O3AC80HPXWYZ9N,122,770.61,-61766045.97,428438.86,0,5
27,5G37ITJBDIBF99IA4FKBGCYC4JLFHMEH,615,116.26,-47567621.8,413309.9,8,11
28,ZYBFOEVU7JPMWRETN4M1O6V63F0PV5NU,127,4964.74,-61032346.88,178384.82,6,3
29,I9WZMSMZWOLTIZB26712LFNFJCWP8TC2,410,8719.84,-31823912.51,205215.7,5,15
30,JDOS2OW5I8YXYM3PC5NI8KILYWV4HUGF,111,5905.48,-14402087.59,219379.32,5,2
31,OHKYIS1M8TRMUCADIMPDWOKFBKNJZM11,449,9775.74,-12594378.56,46937.91,19,10
32,F7M3K0NZSO617EK6QEIZH9KRUHW37J21,311,376.63,-32549999.66,127543.24,13,12
33,UHQFXM1BXWVPAY67TMLB0H96RG0QUHZO,566,924.22,-58462207.42,196417.83,20,2
34,FTTPX96S05P87ZQC6LY29EE5PNNC2WJ7,76,6799.24,-5748353.76,127859.56,7,13
35,HOGTGGFW1R88EQYS4VIRMLMQCBKO2A3R,617,4595.06,-3269557.06,384076.57,8,9
36,A01V5M70ZYISWUKUUGMHYZ50BFKMOQVJ,582,6018.32,-35724016.84,452577.39,12,20
37,N8VJ8WBSB8OA1CJXPR81MYSK4COB3ADO,772,7098.21,-26750938.26,251058.04,7,6
38,L0S9N37ZG6RZO88OKVJZ2E536YEK4MFV,474,6650.95,-45540788.48,447731.38,1,10
39,YXYPL76BXQ2E5DVGI48PLLHN2NPLBTMP,701,1963.19,-58576405.69,192913.5,17,8
40,6MEJ04R8S5JZRKZL1WHKIT6EZBUYWJHL,732,3545.72,-67362831.25,40026.54,13,14
41,Z64Z6MAIOFCL9M6UDIMM48UC6LP4IMUF,205,9289.49,-39174475.52,339713.63,5,0
42,R57M4P5R12BOBIPA9M31R0VGF2IQ9YFM,278,2928.08,-13930267.57,398415.15,9,15
43,UFQD44U1JQAWSB53KEERW21UFD21JABZ,935,9862.43,-40337810.88,125751.56,16,17
44,FIY12LO9EGLT5YWXTBI2NV0HL8KECDWX,914,8824.9,-8661490.19,499996.04,17,3
45,KWSHKOE30NVARF59Z6F7H9EIIZF7BMPC,364,1252.04,-62184783.13,164761.9,18,9
46,GVSB0CKR3Z0YET1JYOOOAVIXNI257TPL,380,7374.11,-40466765.36,209575.88,19,8
47,Q0NN7ZXOO9YOV0JV773D3UA394KDCMIO,734,9707.23,-15191265.15,80265.37,2,1
48,OEKOHQF2ER4ADYLANHD4FTDR813K4V77,769,6532.61,-45232999.64,35553.9,6,13
49,A4GSRD6P7FNV6LQD018Y2VF7EWF0POKT,659,4246.69,-53760429.84,262599.29,11,15
50,3KJOU8EE69NPI2XINRSQJFS1U8SD4I8F,128,1592.26,-48356904.28,66640.01,12,14
51,EKQHYUD5GIDIZVNLZFMGA85PGBQS0DYS,943,3273.37,-56019224.13,291202.0,8,17
52,YALM1AOQ9ROYZU6PD37VZY2PBXR8VE05,165,8672.18,-12899594.71,191668.18,11,16
53,I2EA9GNFV7T43S9QOHVA6NKHOAWSL8KE,513,4483.81,-25179389.14,454401.76,1,7
54,0N38A0CKK9BIE8VJKL62H67BW9NJNQ40,866,3037.78,-3483010.54,78440.94,18,13
55,OYA17QG30CZ0V3HQXDQXC5XBHNRX243W,396,7916.04,-60898843.77,170199.16,18,9
56,8QZZLKSD3I3XYLPZ3TUVDMX14KTJ14RZ,148,9722.52,-17510563.85,153529.9,8,15
57,P5FUTJX6NE4I5M0LSU20DXJABYKTFS3B,404,6912.95,-42578962.37,229768.94,12,10
58,MMSUS9518P4OVF5Y67CCPN1BRAC4O4AK,280,7818.88,-19125712.62,115811.43,16,14
59,JTKQ5MQUMB91WFMMPQMWLCCBD9SO8ME5,192,625.76,-34526012.13,84927.14,0,16
60,K8E8EET7JRAQJKA3FPU14DPDE90NGULK,995,7764.6,-17593447.01,112444.17,9,6
61,ABTTK9I4UUSDP7XTN2Q2T4OGA04KWDY3,460,2566.88,-26129821.54,412165.67,16,7
62,8KEXQZ1Q54Z2W0VFBBQTLTMXETGM0Z8T,991,5386.4,-63800068.56,453128.4,5,2
63,I2BL205CLC5E1U6RSKZ6UIHKGGCRR553,620,5006.77,-5981780.62,464936.04,4,16
64,D8KTYHT1FOB1Q2C0C800PXZBNBLJY5QQ,541,1605.03,-22038410.57,52163.91,5,8
65,PVGOMSS33JFE5GWW6T3LPO9D1JL04MH6,99,6543.41,-58012839.91,416632.49,0,2
66,DW94EZR25QNL8DF4ZMSSJCCZWLPQJP4R,886,8647.7,-18595725.58,490882.62,16,19
67,OTVOGA8V97JO8HC39VTHXABA8ERUZZCS,579,2158.69,-62716741.37,333889.64,18,16
68,KDVUIDSJH7EXTS6ZLMS567GAV4PEE8ZH,805,6190.55,-30005845.82,385284.86,5,7
69,N49AF6QLNN1P78YALALUM0DT9UTUZZPO,531,6879.75,-50938830.56,172596.3,20,7
70,92KZ3NCXCXNTGP55L3VXREJROFJXT6GB,826,8253.08,-3021144.0,117224.38,0,13
71,FK6S0H6PPIXUY613YS19GW2NVSCUIHRH,641,5416.94,-3393237.92,176067.66,3,9
72,U2TA3R3VN2UR7YFQ8MXWMZNYVY2ULR4Y,670,5362.73,-68661414.85,3564.6,4,9
73,KCRVBMW1TYTS4PO7CHVBUTLIXBWLFLVP,22,5694.03,-44654748.31,378079.86,10,14
74,9OXA4H9LUEJV2W60Y9NQ3X05IVC5VQSK,693,1415.09,-27149067.6,286891.62,4,18
75,GSR7CDE1MJ0GTV0LREZKNDG385X2FSL7,414,6741.4,-52001200.31,252076.79,7,3
76,NT2QWQRDTDZW9J3HCU1HW5PJJ8TPBEZS,137,9684.71,-18439011.47,265432.63,17,20
77,9IOKIE2RBGLGRQ9RZX2INV8X31ZAEPYO,750,6260.34,-55702809.35,5319.72,20,15
78,7V8IURBH01RSEKDF0S3MQ06MID7JHZHC,156,4573.73,-9585462.85,150115.81,5,12
79,AZV2CV5V944SV7A9ZQR9FLVO5NR1Y186,602,7205.51,-34426568.7,481668.2,8,7
80,8TRJ5A3QEP4C7LDDU7ZY4F1G7SX2A2GO,973,1190.55,-23242568.01,350060.09,15,19
81,OICZYSGF5U8RI3ACCQ2JFT1J5C2XGAQB,79,1125.79,-16387981.86,336554.92,15,13
82,GJRJ3PPB4I1QNBA18TX4Y6TNJ9D2XZEA,722,1672.09,-36545393.1,259074.02,10,18
83,0KKN1W8GTCQKBIC8Q45MM0M1KA7M4PZ2,859,232.22,-30727559.93,60216.91,3,6
84,ZNA82EB97N1MQ0N1K3SXCMGE27L0MU7F,516,4936.51,-13372486.34,75359.7,12,14
85,90L4JIM2K70T8KTCV8B8Q91H14UBVSLV,313,630.53,-20652788.93,396196.77,15,7
86,V68PHAWVIYTR49YW6ZT5RA06XCZRR08E,430,6531.02,-15864681.55,53138.02,13,17
87,SGDFOHZL48BYUT5YKZZQONKBNEW321I6,317,9568.53,-51160249.71,160022.77,9,17
88,M3TDIIT9K6MSYUOSTR1THBSTXJ50TS1E,51,5971.58,-14412457.4,306595.29,10,19
89,S5MBCABFQ6C779SEE0FF1E74ETQ4GT5T,596,7418.2,-37433484.25,300005.62,20,11
90,9UJ93P1JLFSMC64RT0VJF20NV3T8WH1H,576,7003.02,-5015323.79,195037.85,9,7
91,X96LKEQ88WKNDPIWCH6U9L2UJS7U63Q3,887,8088.07,-61407189.28,129025.56,1,1
92,5ODG3IY32BOZZIPEQPYSMESC957RNRXC,836,3231.33,-21780598.78,360709.16,11,8
93,XHHL2MGXIXMGA0WAIY9MEC3JVDFK0JBD,874,7888.07,-48646005.43,85781.23,11,19
94,MKH2HZJGROLI72CQ9LRI3S259P7K55E6,234,4675.63,-53753133.02,456702.08,14,1
95,N7PXO8308U8QQ3RACJKPS5BSL7S1ZARP,979,511.45,-57119410.18,208773.77,16,19
96,QZJ076X9H23B96SC3VIZZUQJKNY2B53X,980,3098.78,-38220003.23,450060.81,10,7
97,2N3Y0SAC9X9RFW0GQC9ZHKO56HVQ4M5J,436,2692.31,-60113634.74,440629.29,1,17
98,09ZJLA26X1B58ISF1YKVHCHY98SDFCL2,455,2570.52,-43116683.65,392978.98,0,13
99,QYP9SSF9QFT82NAOUL2XJCBJI56QBWGI,264,9839.58,-24026362.96,209318.39,5,20
100,JIOY6QO0JAWW9GPMY9SDYOFM58MVJ3QQ,102,5150.84,-10511741.28,90006.5,11,12
101,3W67SXASTPZSGZP5PISU60WV7NDRBE5P,82,7255.73,-41809849.75,439981.51,16,11
102,CVW7EWYD7FT8CCDC24YJXDWDZ824OOXI,919,5736.07,-22832359.75,499351.23,18,10
103,LW1IFXBSENR9KSOEOC0T57BWML4P0B9M,276,4700.71,-65294979.37,257484.18,3,2
104,U8LQFYK71KG3FGD9ASXI64C2LNJFI2GA,14,524.89,-34914450.79,434.67,14,10
105,6F44TJ85P36P048ON6YIMEDKTO1LMJJY,409,5758.94,-65579808.33,283402.56,17,20
106,9VAI1W24L1ELKIYOAF8W6KW9HWRHIWKO,649,8107.2,-28439564.14,212311.67,18,7
107,3H45W4YFNCAJFUS88U6EK0OARSP0EOZT,883,8758.71,-38526405.04,309630.43,11,7
108,495P1GWVF6SLNN7E88NHBXSEVNWCH4K6,625,4659.81,-14863190.79,424609.39,20,8
109,MGLN01E6SKPC5JR5B6JVEGN8PCG23IYD,839,6148.76,-8217825.33,442581.67,1,10
110,9J7J2O5C82SC3157EH639N1R50YOZBZK,440,3384.75,-15401575.67,336038.47,19,12
111,480S53KJFUZYIFK59JBWYBY0LDXT7Z3Q,94,1481.14,-61473796.24,85375.18,6,16
112,DI1PB905DKHM3TSDBVBU67CFJ7H3X3U7,332,113.48,-1207942.03,416310.11,18,7
113,6WJ2YN0XQL0WQILTV6FPHM5FMR0B56E7,362,779.51,-66054270.97,270548.99,19,19
114,RSYXDPYMSG7M1F79J57CTGP7DS6F3YR7,918,2753.12,-28349206.03,42761.38,14,20
115,GX4MZ49C85PMRJHL830Q7DFAZOP4B6M7,5,8683.73,-32437337.96,50023.9,16,17
116,2X2AFB17AU7ZVNMJHZEZGO9PTDADR1TV,730,1959.88,-39578270.76,238612.69,17,12
117,KOEVC59P88IA5QP5T6AHL7KBOAZE0XZG,950,7767.63,-32773786.18,8687.39,16,13
118,3YQREEQ7UQGYTLX29LPMG5EC5HTCCIJ6,530,8551.34,-64956035.48,433478.73,1,3
119,LTESSU3VYTMQAUMUN7EMGZUSCO1MGIUU,71,4518.92,-49564663.06,443462.59,10,4
120,RWBKVB3NYEXPXNP782THBU0DUS2ZQAON,958,1380.56,-43892798.34,278232.83,20,20
121,LI6U15PJ535YT8UERR6U100YJ7DQMTHU,305,8136.55,-38804998.24,200690.14,12,19
122,QKGLIMCT1H66WO2R6VASFPH9VEN3AR3Z,403,3568.16,-66926331.47,319625.41,10,15
123,1G2CBSUS5GI4HOLL04NYIQ0Y7HQRQAI7,130,6162.9,-48808581.08,348717.33,15,13
124,09HYUONMRKO7H6RNJ1H61E7LEW33YGRT,367,1191.68,-6295682.3,113585.54,9,6
125,ZPCX3KOA4SW7D9DOCUD33OD50X5RP9Q9,169,7839.26,-36603717.19,113616.02,10,13
126,XXH2MXEFJHJ8MAHW1YI32MX4OROF166A,829,817.64,-36423899.69,454729.67,11,13
127,U5UQM5F3EN4VB5KV0K16AORDEM1W1BIW,988,2588.64,-43869221.36,319241.79,9,19
128,ZRAJCQ14U1RHOL822O78EDLWMH3Q8HE1,830,3677.92,-47213467.17,289927.25,13,11
129,NZ3LM2A37ZH1N9SGWI81JNP5NPHBGO86,594,5309.96,-58596614.59,67673.22,17,1
130,W08ZG4DBSGA8WJS0KN03GXR1H2AQZP2J,922,4315.82,-58398204.62,53827.16,5,19
131,DDZH9ZY6D8L51IKU72OKP7A1CK4WBBP8,445,8554.41,-31829515.77,468605.5,18,12
132,ZAS01P6ZON8DGYRPR8A27BXECFHINO1J,415,4097.52,-45997258.9,181748.18,9,8
133,W9XF0Y7GWX3QO548YVD475PK932SX76H,4,6753.87,-3470523.26,24486.17,17,17
134,1C71L0EPJSZ4GQAAFSFPKRQVEK4ZYA5H,437,3466.27,-68125936.51,63532.14,11,0
135,MJVT1KJDYCSM31K7KGO3U3K4DI8IFLY3,155,7385.21,-42200548.91,461455.12,12,2
136,6I1MOANRL63A2SR504Q9XA1JEVD1ULVA,740,7117.06,-57953158.99,472182.23,8,3
137,39LC0EXS7FXE7J23C9SKVKP0LOE9AXOP,899,1546.75,-25734083.13,146638.62,7,10
138,WVKOXA95FBSPBA8KL4AKN7J8DQFXAKCK,731,5485.89,-13971658.28,282011.87,12,8
139,QL49U8CK9ZXL37DX4PB5Y7V6SBI6NMOU,960,9465.35,-35483699.74,302383.95,19,12
140,3XVDDUT5P7TDPUYLST331U86OIKRGLML,37,6353.85,-39340674.79,106172.91,6,1
141,36UH7Q6ZTHGMHLS9RZNCL61ZETVM5QX8,306,5226.31,-43469945.98,19008.31,7,12
142,SXMX6YXRNLS777XY3WUUU5JWW5ICLGR7,454,6890.03,-31265662.08,246566.24,16,10
143,PZT1GY8XISJHF4IZUELOFI2H73H01TH2,0,1261.78,-34793664.46,340407.31,1,11
144,FOZ1CUHNPJ9WZKNSGDC3MB490L737KJT,355,1690.47,-15574492.47,365113.19,3,12
145,XTK18FZK4GZ1Z40272DRLS6WDKH9X9VY,349,4196.59,-17887554.8,187251.85,7,19
146,6VSWARYPD97N8X7POLQKOEKMR4TCY23E,578,8599.43,-736592.65,93823.84,8,4
147,BMV5BUO4W4CCMVGEVY5JKZREZF3C2RRV,221,9034.11,-58896782.38,421168.64,16,16
148,QRYCTN0KR2CM6ZO5SHN16M1FGLHPU3S0,723,4730.62,-27349761.32,18979.04,18,12
149,1XPGGT2NTMIJ6M4EO63K0IYYDYNMGW1J,521,3483.27,-63752436.35,486316.34,16,17
150,PQ6YKH2F0LI0OMF2AGTKYG90QIPIXEPK,657,9085.86,-38777502.7,35459.41,12,5
151,93G8ERR2ZC274WM0QRMUAY8O46Z7OEM2,817,5670.61,-64796093.83,254788.03,9,13
152,L7LT9OMHZ14G8UNRIW5100BXZGRM65K7,464,2.65,-40042145.28,420444.61,14,20
153,2JQ29VORYE8IFRYXBRZH2IM2KESHR88I,120,1534.81,-35731238.91,17240.86,13,14
154,D51KJOMWQ8HCOBA3ZT0G7DK5IZ3I9FTT,20,2346.87,-53112411.22,156335.61,5,5
155,IHB69RSPPS7PAN06HM9KOCDW60OJZTRG,981,2376.5,-44665583.9,172146.16,9,3
156,RWWNYT6K4APQTUVUA5TT6P0FVW2VZEKC,119,6794.66,-27753067.81,146745.33,13,3
157,W7F7SNR25PF56Q2T3PDQH7UBFRGAL90U,300,9827.23,-10283323.69,337447.51,3,6
158,XX293GQSSEXYAXP1VJWP0K3FZWKBX839,848,1445.28,-30006804.83,272763.16,10,18
159,8XLCGQIY9GCWZF7Y23HHRCBQOKC2MQFR,480,7674.07,-55634714.17,490110.64,17,3
160,CLHUY59WA2OF2D3268NOE8JFIS5XPNPU,822,1982.22,-12690216.95,370224.39,18,12
161,8YCG5OHB3YAUP5ZBPE945V210XDD2YAU,171,9361.32,-19024224.14,484427.16,19,15
162,J0K5J77WFDMQU5CAARZ8M3OCL6OK03BS,242,267.08,-50623751.22,329881.26,0,16
163,1KBULRX7OQOFOO43C8MR0STANSPSS69U,764,5182.11,-47858892.19,234893.7,3,6
164,FSY9GJT9G7WJOJP3NWBQX2OJBRAKOXIU,481,5509.31,-3310189.24,380523.45,13,13
165,AH9B9ICXZOUPD7LKIN3PVJ9LYVWCGTG1,768,9400.11,-9132849.33,436258.81,0,10
166,I68YV5FIDXLX3SQJS2VMHNX95FIKQWM8,248,6061.17,-46761007.6,125483.04,10,14
167,IZCSP9O5PBZXOFL3F1VA5Y2S0LWTIKPD,905,1983.46,-30952599.98,409075.82,8,17
168,H29GEAFHGS13AKQVRTCHUIYF68Q1SA69,677,183.34,-51155971.63,325856.17,18,2
169,AKB1Z1GX3O9HF5RKQCDU3XP1QD7KWRBO,252,645.88,-58455176.93,408224.86,14,10
170,O5N3NNIS9Y0O5UPJYU55NZS8B7YT1G1X,608,7302.96,-59250377.88,440485.21,9,1
171,BP6AMXZH4OI9RXNK883G0H78NRF12W2Q,942,8149.68,-30699282.47,164504.9,20,3
172,IZ07P54476PPPXAVCFAVHTALT3DFF5NC,590,7443.65,-40269785.85,207547.56,2,5
173,RLVYYP0GZMEQUXMDOM1IV6J45PA75BA1,290,813.76,-46532354.23,239243.62,19,15
174,PJ3L0IN4SNZP3D2WOF61TMR98C2GBXXE,193,3979.54,-5578326.93,346659.05,1,8
175,7UVOVQHNQVT0A14Z531DL35O6SS5EWTP,265,6342.72,-9687352.66,137520.44,7,4
176,6R5JTHON60GB9LEYDEWOV9SOQREDO2YO,368,1466.3,-47729430.33,306399.11,10,5
177,M82VDOOO05OLHTBW5IUK9CLT33130FI5,808,6881.28,-54623002.37,158752.36,19,7
178,PPUPC1F1HMBNK4CN98QK1G6S3NMXP0YH,984,8340.8,-51793873.09,265930.8,5,9
179,U8IQO7A4WZD34FVBPNMNQJX8HF1HVZ71,907,2492.28,-54542813.05,97273.38,2,17
180,UVQUXT197Z0594LW3TJIUM8JV8BNL6IC,259,8608.97,-50277756.56,435253.01,6,5
181,REZ1WBM834CRY84ENNL6YLHLBX7IQESQ,631,1145.98,-26588932.99,231340.45,7,16
182,N33W3RLG1BNK4QW6Q1QPXY38O4VXU1FW,126,3751.21,-49428046.29,252040.32,16,7
183,A841Q9KYI873UQOE6CILGIPECQT518HE,66,5767.49,-60006696.65,403646.97,15,17
184,MS9DQ04P5OTZFFQSNLP8HO7RCJPZEPKB,562,1115.16,-59280255.71,150382.61,3,3
185,ZVTZ88GTEL30Z1QBIWYBDBJ2QJWYPNCM,563,8331.95,-5900375.21,326497.81,8,18
186,JGP8LZKC86HGI7UPP7MXASWE40ZN6YW4,783,4051.12,-23606988.96,253585.0,16,9
187,2VRUCPEPE1A8B5NOVP6K9VKSWNLJQZ1J,610,5873.54,-67304558.89,491251.26,11,14
188,6VTAX4LCEBWCIVBF71Z9RPHM6VEEUTUP,291,2000.11,-2077809.43,169631.61,19,11
189,HPI8UWMDZQ34WMYOKOJLV5BCIUFWHBKB,586,3053.59,-41262306.79,79545.46,5,10
190,C95FBSHHJ0TQ5BV8SIOQ636KEZUKDU0E,195,2254.92,-51652178.86,115230.24,3,20
191,AP2T6MECXYCBEQ5KSZ3LKIZCWLZXNC0P,378,2513.64,-2990307.02,483806.3,4,9
192,DE00RHAOVSRZZ3FUK4TSCJ1440QVTWKT,975,961.82,-49850041.96,86162.79,2,17
193,RUZTAWO4U7BLHQYGL18KBLTH3CEBGQTK,864,2504.06,-15210994.18,283598.01,0,6
194,0PGIMH7XX35B8X41M8ZH71RO3PHXNP9C,639,8434.67,-22356209.99,424097.14,7,18
195,YN4VI87YAIK0YNPTUEKV53Z564H0ALUP,105,1686.88,-3156862.48,87831.72,9,3
196,UKVDMG7ZUPKG3LF5YU0Y20N0MBI0IHL5,400,2489.73,-14175707.43,474390.67,10,8
197,W392JKEAX2H4XBK7Y0263N822DOJ489F,640,8210.2,-22716720.31,73581.48,0,2
198,MG7QT3PWF9666HZQ5XVD53UKDOA6L6AF,667,4229.72,-32842320.69,44433.66,13,13
199,MAPHAYAFUEN2F2U707PEYM6ZWJJ27XQA,606,4230.83,-46930680.24,265067.15,0,6
200,IZ8S56XRDGPGAZM3L342NEHT88KO1CGL,49,2156.67,-2255124.11,179279.51,9,18
201,ZT7TXHMP6NL9SBU37INJZ61KHAF3RL82,816,6967.4,-53159061.91,362278.26,0,14
202,SDJARKWTXIV3O6D213JHGMJ674NZG88C,501,7346.3,-10659377.71,272019.92,6,2
203,6PS73LMGQ350QAX14S8S7663CRN78JM9,101,7746.37,-20073450.49,239248.6,0,11
204,T5O5BJNKFJKJAJ60TQUV3BKJHR9LAFEV,571,3478.99,-36684918.65,395245.58,3,6
205,P4855TFTDFX938N0QOB0G5FOVUA7C0ZU,906,4835.56,-7164336.79,5676.44,12,12
206,C9R2ENQD80CS3B432STVBJ7M26TK58WI,888,595.7,-52137862.38,109358.58,1,1
207,O9W1DXDRGYSSA8UEMU5UXGZDS0G08MD2,443,6886.36,-10469046.92,362979.98,13,20
208,TK4C00JID2NSZT64W6C84SYEFCNF5HND,251,3983.24,-5743501.16,311400.52,0,12
209,WOU4FG1SCPIJ1WPZT1UVKE2N9GYOP25I,227,1432.25,-49574170.36,127029.86,4,5
210,EKOSHWOZVAS5BCPBMA43TS4UJI99GG04,325,4041.14,-14882157.24,121788.79,7,7
211,RAQH9L2JMAUIGL9BP4FWSVL5WMU6ASD7,974,9666.18,-24795339.68,363332.47,12,5
212,IM635VU1SZ3KEUOX6MWU83D2L2BXOSRX,47,1414.3,-27610176.51,160217.85,3,15
213,SBEP0QIXKY9WNX1L3FDACI1YWRZMKZD5,238,5982.31,-22872323.73,180492.06,11,15
214,VLIZOMMBL71R586J7YCY0GDI2BN34DM9,421,299.32,-46460209.89,457482.08,17,9
215,GIYAJBKVFF1XZ69UYSX55DCFGRA4FZDL,346,8793.59,-58452815.38,84618.7,0,3
216,QWCD5VPF3M89SMM08EDLYRUF88QNCSW8,999,1793.1,-2363439.83,49880.76,9,19
217,WYSMGYCM5H3PSVPNFHI80XNS6SVOLS6B,681,8413.44,-51056296.42,192103.16,4,2
218,B3OJA32EQ49WQTIH1DXU0JNUQBIXWTVZ,810,4101.29,-34096405.28,72179.0,2,7
219,69P0IEVVPQSTR9XBPBFWE4FHO170BABS,44,507.31,-18032305.32,109161.57,8,2
220,QH5C687TCAT2EBNTUO7M39WVJG9ML00M,273,2980.88,-52720610.37,243014.15,13,0
221,ZKXJ9ACO4CLVT4XGGJZ2CCGG23OLQYN7,953,9079.45,-53936626.32,205267.93,16,0
222,O25TLPQSSJJV98UMSBU68U2MGCJAARJ5,725,7100.91,-19749209.8,274260.59,18,5
223,OZLG8HJNVKUPYMSMY6LREGNIQVKDKUPY,846,5893.06,-65564894.66,374405.16,0,4
224,OMASQF05EOW6MKV1OA1HVFRRP7K2EN0D,755,8565.61,-38672012.57,108988.81,11,8
225,LMTK9D2N6W779KZ9N4182UZU39HGV39A,599,8570.84,-62760413.36,170504.64,8,16
226,0RMDEHJNJLGANDCYJ2ZCA8P7FH9HQN5L,638,8630.53,-49260175.1,20895.77,18,18
227,YYAC5U3KQ5WFO1VRGE26I1DMFWK04ASM,561,4440.21,-14886834.54,337633.85,19,18
228,76LGPD83KXQQ5RFRA78L8IXHT578HSR7,771,5310.23,-32953457.6,305992.82,3,8
229,IQPAIR8Y19GAB4O94S1MI55DCF3KYA8Z,336,1708.63,-13836961.74,95506.03,15,0
230,TEX5PKXCE56TVT66GNMLDJH5EDZUJK2F,136,2485.82,-44186868.07,201833.95,7,17
231,QP2923B08TGNPGZD0O0B7Z206A15LIUP,972,2300.76,-18856765.43,246620.26,5,2
232,S0ZBUDQINZ97IB6WIJJGE423EX5NTTIG,675,7785.69,-18662144.17,145572.43,18,2
233,FG0OH77NUS49BA9YHSP5FANA7MM87TLD,766,880.77,-45064966.04,139784.0,20,20
234,7662L34SIJ0AG71PH9P2DGLFAEG0DKLN,43,6813.39,-28816205.44,166647.18,14,7
235,FEJU37BYZPN55YPUAPY1LRQM4NKBO204,249,241.6,-20367713.67,270416.0,8,7
236,3U1LBYE1132CUNJWZ5OLTP66Q8IS0C0M,797,9149.59,-50017924.71,344986.56,17,20
237,EA240H8FZPDLT63MFL3YWUINCRJ8Y9P4,331,5421.13,-51424663.1,412657.88,16,9
238,TE6A6TAN7M9ZY30ARR9NRTIARB1JX1CS,483,9781.72,-43778454.05,50975.67,18,1
239,WLR5HZ4B0KVXHAWFN3XPLBVZ32AAE16K,470,6361.25,-13539396.58,214571.0,1,8
240,ABOJ4AJTWJV2XRUK0175TX6UPIZAKVNV,870,8561.11,-59902584.04,382407.87,1,17
241,XBI9S2S2HM2253K9VF43GJD6U7XJCBT7,65,2113.6,-52205357.32,466496.74,12,20
242,EOWY21GE83ZUZ9TOUWAILNOYZEO15D7Z,814,4796.03,-21803687.19,443575.52,16,16
243,BWKGCXZ2VI7HBXYGSZ1DNICNGC0UD3PB,402,1459.15,-68162343.09,326218.01,16,18
244,M4DOT5KGIC8LTU07NRB1SZL92Z10C6E4,597,1975.76,-46574689.63,464239.13,17,9
245,JNLJ0AO1JHOV8HIEUALWLG0IN4IZNINM,18,7100.82,-5626203.55,15799.61,11,9
246,NK3O2RWWH7HCI6QRC4J0UX7IU2PL6DXT,495,3699.49,-25996604.2,464708.94,0,2
247,SI3YSVE0H32KRTCH5LO6RF4UTZGD66N8,267,1981.04,-24171026.11,124712.7,17,12
248,ZE5LW3WSZF2C8ZTCUV2D1E3B14T1FD2H,695,375.45,-61445397.36,293282.94,10,16
249,AV7O82PSB5C8YWD7QVZWNPXOIG3NUJYW,210,1225.25,-53820893.58,114577.77,5,8
250,IPFBGN853304ZSUGY9SDM2BKE5VPHE49,219,9520.38,-49697963.37,78430.05,6,0
251,D2OSFGDOR9BQ6785MYALTJ465INF9AH2,24,5125.1,-68314912.09,387343.72,19,2
252,PTP2IH4VZC4IMVDX4QD8WYK9VPQG9C54,324,8086.01,-8705006.48,88283.74,14,8
253,MA22ZZUVJ2DN61JX4ZTN8EE7BM1010QM,757,485.62,-21868797.75,320091.35,7,15
254,TA3CN71R02UZ2D9NEK22N939733Z478D,781,9769.78,-5996801.41,422338.61,12,1
255,K44WQNTPRZAXRC8PY118O0TVKW9I8H3N,609,2018.2,73005.23,223819.66,8,17
256,2EDCR6PBEN4JBMU2FXMFQ0B8IPX1Q5U9,788,9776.62,-65473998.92,87002.12,1,20
257,98MMG7SPXQ64M3T4760RVHJ1VRDULD6R,713,7339.5,-65854763.1,375654.7,3,11
258,NQ1K1BAE0MPCFEKH6HIKQO6JLRAJW5UO,636,6918.45,-10889323.9,91219.64,1,9
259,2B9IR777XVWMGMTLH3RSY4ELFHP6P358,476,8044.75,-65556046.63,147585.52,10,13
260,EETISFWCX2BIPETTFPC4NIRKFJBCFIYS,372,7046.81,-45410819.98,126292.47,7,1
261,XXVE4IIGY3K8GGL3TAZ1M79QNS2D2ELE,551,2413.19,-55395928.07,124759.3,7,8
262,YICUT9FB227VPTALA3C8VA7A7WGF5O7F,86,8312.89,-36547562.69,403037.63,2,2
263,8Q0PWUOASQDSOEBORRKH86T53V5RNGSI,29,1206.52,-58501775.54,191250.29,10,11
264,KXDWI23MQFVXQGT7G2RAB7U9IY0GRADM,903,2512.49,-46686997.62,108018.3,10,17
265,F64M5E4BX8ES21CJYLSGCNHNJZU465RX,167,410.38,-23451655.61,60254.61,11,20
266,HO22H1XBF90HVWECO8H9SMOOFHYC3PU7,929,2677.05,-62391017.42,477034.6,8,18
267,JVBZBDRGL0RLF9LCV9Q8L6ARPQP13YUN,698,1841.08,-45774540.41,450884.21,2,16
268,GOBGEVSKVOW4JQZ9K2OV361T1P84H3O5,172,5834.62,-44712070.08,75044.83,9,1
269,GWZUNIUX8DPRBZR2H6WIJQG5BYKV7LUG,627,7414.87,-5576540.5,459731.75,12,1
270,31N75642RUV2N95WK3W5HD596QKO4R8U,926,7573.31,-19265531.53,350094.07,17,15
271,LRC6SJUJX17ZFK9SKXNLCIUWI00IG057,282,7845.14,-50968688.44,499348.37,14,10
272,8MF71KFABRZUV6K2J0NYXZB8GPL548MY,296,7154.63,-17560375.67,216665.53,1,15
273,SZI0OAS504K3MEDXZG2QWTECG3UXPFP1,27,3995.23,-28014830.36,166882.98,8,20
274,6B12VQI2IV93Q0WLSP7WYMHD0C2PZ9WQ,652,8683.02,-15423531.64,207186.38,20,2
275,EXQ6B4NWBC9VUE315ZWRGUX5F2N2OUOF,871,9922.79,-6875417.35,284906.93,13,19
276,MC9GVAPZPZO1JXRA0D9HVENCH3X91HY9,589,4911.47,-45370350.79,483457.95,12,20
277,GM14TS8T6D6PX5EBM7ZIPM4VTTH9O90E,261,3914.0,-37728630.15,346098.6,8,3
278,P6CNYB1ELI2HPQOVL1IWC7GTOR8KD6OG,401,3114.97,-11437146.34,56871.81,1,6
279,H6ZRN77TGY6ZBWV9IVDQGYEVDK7T4TVI,253,3145.95,-21440056.76,314323.67,1,18
280,1SAFZPLOUN59ZNMBBQQZK2HUC3JUEHJT,669,329.08,-33864503.51,283266.78,19,4
281,BUJXRF2X2V8F95LM16PVF3J4VKDM6VI5,485,6891.87,-3823391.16,141547.49,5,14
282,I6UC0V7LVV8A937HD0MJ4J70WLW160OP,112,4724.9,-45037825.67,255202.09,18,16
283,WM32HTU7YQJFT7ZPE4DLPEVXVOCYY7SV,429,2581.26,-16685675.31,69701.52,15,17
284,7XMN38W1ULIMPVXRWOWXWYTSXFXF0DIG,113,9950.44,-41556230.05,59619.97,2,20
285,XU6DDOEQWXDB7ZM8EJ7BABZOBKZ37TAU,95,107.35,-67136645.41,168190.28,7,7
286,I3TSG494962547I82ZDV1HT95SMI7FFG,954,8675.29,-21142306.08,486596.05,20,4
287,ADW6ZYHYOOUV183GLXL0LVWDG5IDX5IT,361,3618.02,-12740255.19,223401.07,5,7
288,DLI2TNPY1DFGRFQ1TIRX4NU7C4PYZJ76,536,9095.42,-66534974.68,169879.66,19,11
289,B0I8BZUV70542V116I3AVGQQSB7WMW8F,93,2227.41,-19402679.1,369647.01,0,3
290,G57GU2IVKTLU41VV5XLHCS0PU80ORDMG,877,1107.53,-25599551.47,87191.66,8,18
291,BF9QO3I0YL5VQ0HMG6P109ZHE4I5FHU5,665,7708.25,-23390074.38,1911.16,9,10
292,184JN8DHGFSSU5JJEWET38TY4H9LPV2X,35,9227.46,-7972762.8,374973.28,11,3
293,OMG84SUX8G5FISCPS0FT0K3PL4HWI2HS,655,2063.25,-46108981.49,445950.24,9,2
294,QKKXZ3YIRY5BRWR8NBMVCLGJQIINF1WY,857,1374.08,-8767823.05,474488.89,10,16
295,LC4AJB2WUVH4LWEM7U9TDB3M0CX1XT7V,471,8704.25,-56126355.39,381865.06,13,5
296,MWE53YGBYJ25CO3ULD9UMM57YI2QE5XI,352,1133.96,-30948138.69,76356.38,6,10
297,SWZ332T4NB91VTSQYA3HQN9BCNF26XP4,613,5667.06,-55484260.9,228148.78,10,1
298,8WO9USJ3YADU5KV26PZ1MXH0QX7HFP3J,347,1472.2,-1396350.44,159132.28,17,9
299,89PQDSD9NLF4XOW293HTHBKRTVQ6Y1EB,897,9197.64,-34503569.41,48927.35,10,4
300,ZLH886NX1598ZX764WB6XW5VZ43FKNNE,780,3311.8,-34381561.92,447438.45,3,3
301,OJ6SVKO3QBC9POWD43KYZDDYC7M1OVGU,664,9619.11,-2322018.62,492373.0,0,18
302,680GMLF8JP29XW7NFMGDLCLQHFHZG6OJ,373,5736.96,-38227602.26,154693.05,8,19
303,TO6RA9ZY9Z8APBYQHKRCKAQ8XH9ZT6N4,729,4423.3,-39392256.88,283134.05,15,6
304,2OXSPER99EDDAGMK9TRXFPAQGARI4APV,28,9202.76,-3295435.26,391962.08,9,3
305,E8RXIK9NJJI8SAY7001MSKD1CQVJREY3,58,6892.43,-39634243.64,281600.35,6,16
306,4CRV3X0IM33DATDN0TFENVBRZ4WHT9ZB,916,5611.44,-1737959.19,308730.68,12,2
307,OPE0YGKGD94HKA5JVPK9UP4SLYWF9PVB,123,7214.07,-36713046.21,144165.25,2,10
308,5P3N1I0UVNMG75PDBJK9U07ML8BDXYQW,875,3397.81,-57044462.39,451311.69,11,20
309,JVKWSHAAZECKBSIZJ6GOGYFPIMZCA51V,353,4607.28,-67807144.4,369082.67,14,19
310,LJK3VIS2H7QXRGWWSDXL55CWC5J0VXRF,523,2022.2,-65401978.78,137672.45,3,19
311,K4PHWZ98B2U74LQL2MVU6HQDONEDJIOR,823,1384.41,-21852516.43,250782.25,1,11
312,WY7AF0DO2UM33HWYNMV60GQ6JI73NVG3,106,5637.82,-6061813.47,213936.33,13,11
313,XZLSCB10J8MCCCYNMJKD1GB4UZXFZ2DM,782,5070.55,-63728728.89,398895.69,8,15
314,P6PEYMYD5MBC1CX3WZ5YNNI4IZK54T4I,630,2832.44,-13405800.05,441514.53,7,5
315,AV6NQF8MMUTL1VGDVOY2RQ5OCNZZ7CE6,976,8407.26,-50324196.46,251625.99,10,12
316,BPVNOLWR460KH7EQIXBQM4V0QZ81C947,486,559.87,-5735288.27,281937.54,14,2
317,FJWFR3RO4ESC34AP8KNGAYZLQ131HXU6,853,5942.58,-24648143.34,473838.59,20,2
318,RXUYCC6YDYG1TS3HIGLD3R0PN9FWMWN7,854,9303.05,-34072880.65,231714.45,20,15
319,1MA2U17JH5LBK35S1B5SDB46RWVURWKL,289,6867.27,-42504314.0,177473.06,17,2
320,YJTJ9TI4V99SCYPUJOWNV1YYJESIK9GE,177,1494.8,-20518725.03,112902.56,18,6
321,40376AYKQPO2452A4TDV03M73LF17FHR,68,4313.85,-41933480.65,349627.01,4,4
322,L740MHL88QUYN1LVY7DC9HR6NR2AU6CR,479,3138.74,-61616799.89,411815.33,17,7
323,U8YHJSXVSNXWANABGEAD5IIT2I27BFD1,434,6542.38,-58880118.35,472582.57,20,11
324,T72W7FUVRZPIWJAXLCQBILYIBMSDAE8D,787,5266.72,-32558213.39,41981.65,15,12
325,K0X42TEM7WJOTQ3DAESWGDQZ83IRGXU4,207,3280.92,-29275655.64,34042.46,3,4
326,2IWU1IZ7ANZ06JBWR22YX4U2W2KK0IVN,650,3825.39,-8186839.66,106640.19,15,1
327,AKG2LI6A2Z8TSFAL1D44JWEBYWRQLW9H,694,89.99,-57085831.99,436955.24,16,10
328,LRMKRRJJO5BZM4O0ZAJNPVI0R2VZZQGH,685,7041.0,-20364911.05,426859.71,17,4
329,HIYGR0EX19WISSRRPMZ6MNIE100PJ5QI,708,7335.63,-44220057.17,103136.18,8,11
330,67G5KWKL1M9YI7T367B0G75QY9EHIQGQ,881,3422.41,-53368458.3,295954.36,0,3
331,2RMBMM8FO9L6724N948QCSQ2K1ZIEOSW,691,4477.77,-39970412.82,438948.08,17,3
332,XV88JHOQEBIC13IW8SKE2AXNB1QJRIEO,270,2765.22,-15742185.6,386036.48,1,1
333,4E3ZU69C5QWDLHEXKA7YZKTUS2YXZKVP,785,8110.79,-57600252.46,247674.2,6,15
334,C63MW379HSWODOCR5UYW35NDNNJ09VKV,728,4124.48,-12045968.06,498011.75,20,0
335,HJRE7XI968HR2EF2GP6O4OGSVYP9PDKR,83,8874.39,-36683677.34,408967.61,6,16
336,XPZMJ4V1LEPMSKLY6J3XI18PMSHFWV18,844,2508.27,-17739727.67,103671.04,4,15
337,LAGZVCHFJ38N663Q7BDIJY202PM9DXIA,166,2239.11,-56086280.23,246620.34,15,13
338,DMV43NKKFI54WM9PWPVVG680PBGNIAHT,247,446.71,-52763910.2,444722.68,7,5
339,24S1EBIG3BZUWDYYI7KR6A0KANRCOT2X,721,6554.84,-50545227.12,317210.71,4,18
340,7W6NEPHB7OQMCG4525R9UAH4XE68OIN0,463,3740.67,-54850474.72,137246.57,11,11
341,Q0C6L45F29WLK6WCMA8RQMYPTE4KT5QF,928,4335.47,-54814222.1,152692.62,15,18
342,Y37WYAVDVWSVDOZHU9FALE9XVGFOR4RN,504,7467.4,-4111621.9,279909.03,19,1
343,YHEIFD4F0BH38AV731NGP7JUW5D5QHVX,10,7441.07,-12967427.02,381160.67,5,12
344,2SKQEMJZ8ZFYNYZ7R04P8Z5WVXKQ29KU,882,5791.09,-14359952.09,78132.18,16,16
345,THGJP558M1RS27TLKG5ANNSEVIDT4V2D,556,3641.08,-66274418.79,238857.89,13,5
346,W6S33TC1288D0CXMPGYOGI04F7UHZMZB,502,1518.28,-43344281.31,314187.21,11,6
347,S4KIPTOUMGXIPXG88BGM3WGG9XH57IP7,637,4909.99,-21664677.93,120112.14,7,20
348,7N9KGXQ894JZ1R44OXP2CPGFQV9V2KC2,937,5135.62,-23698692.86,223480.58,7,20
349,Y1L7YVDHTNUI9H1NHGHCEHJCIOVQJZ5C,573,9096.21,-28417599.62,260514.41,20,1
350,L0HA697V156S606NG2FGE7NQ3MKC2D19,488,1812.23,-1704010.67,192901.72,3,19
351,Y1JKYHE7M923I6YZVQR7NNG6BHLXD7P3,592,7277.06,-31564163.57,194691.14,9,20
352,BM62VBL7H1DX4EB71GEXAI82OEADM0G0,17,2050.16,-22784209.59,317450.57,6,1
353,LFEWMGAMV0Z0T6ZEHYDV541Y1NB92U4T,955,2208.23,-38428267.46,277765.93,9,19
354,635RWB84UQYWQD6FRDINHMTCY66TJYEZ,946,8023.27,-36376873.51,247780.01,15,12
355,Q5OKV2F09VEHVXKUYBG7HVGP8MD9G33Z,435,1994.11,-59078075.83,45322.19,19,13
356,3CRGXKMMBJLQ7CXY98VETV61W7YL7MIM,489,3452.12,-7683843.07,239824.65,13,12
357,XHWU9Z2R4ZUBBX7O0DI4SMOHL6KJ6JVW,682,173.77,-1836125.21,66879.48,7,7
358,692BDZ1W8LH5FSP10CLF4SZC3GILGZOB,462,2581.91,-53826509.62,350244.55,20,14
359,OIEDXUKBAJOYX11ZY877A0PC3BENZBJO,92,9119.78,-26284842.87,207610.62,1,9
360,Z0EMYQMJR17LEXW1E9XS10KEFN4ML3ON,208,8598.8,-5047636.45,221676.48,20,1
361,BHEGZGQWR3XKADP31PLY1B02DMPNWVZD,72,9133.1,-10798670.39,491553.39,17,3
362,S2PSIQR7TP99BMFUXJREN7FC5QRF0LJM,840,3427.25,-31883941.33,9216.13,14,10
363,4O132339IAC62STY3278YADNNULMYWJT,350,9448.38,-3662504.18,99079.44,15,7
364,IFTWAGSJIK4R0MV52FUNSSXVMCMKAZ7R,686,6948.76,-50585229.74,322484.99,11,12
365,YHA7NM0TDB9XSDKW0J9K9DWOCS1E5MBX,419,1441.07,-24052999.01,332554.72,8,6
366,V10IN1MJEUPHYB20XGF67B6HXESI2LMQ,931,8263.3,-16343465.42,937.86,6,12
367,BUETAPTJEM1TB99RL2LG36QW1AKFQUVL,235,1965.88,-27513233.07,357896.66,1,19
368,58PSUX7F1CJDAWJPAMQJHIGV6F1WEV1U,312,925.31,-33094470.5,108763.99,4,16
369,OZ2TJ5AWZ260QMUX9H1EALRDRIH0DYPG,718,7704.61,-10915127.47,443830.64,4,16
370,P324FP0GXNRV588YPEMEZI3CTOF5B2BH,873,9019.77,-8267119.61,246302.62,3,1
371,S1EH1EZJDYHH6VWQ6P5M5UVBMJFKYOSX,902,8646.17,-29207921.59,164684.4,1,1
372,3287PRAOXPRHNPB61T95GVIUWZNQ6X3H,303,3242.26,-25223162.72,482350.86,1,4
373,BX3FFEMX5X5T1QMYBZETBFYDD3QKX8ZW,696,7267.58,-31907099.41,392099.58,12,5
374,OQYD848FO2HLI02H496M9COV8IY4JRYM,802,8067.05,-8047141.77,62849.71,16,10
375,3Z0PTJYQSFOQSIK3C6JDKTARD4TUJ05O,218,1768.14,-4085934.12,123258.25,4,0
376,0O2VWSBZ0FMPMGWRU15TQD8H8LJHSM16,91,6619.49,-38590565.96,472900.84,0,11
377,7MD8I2CLWNBUTZLROY67XXBK6TUN5187,217,7570.11,-13744991.15,228425.2,8,16
378,XCE0TKO3A41Z4BBWKJFWRZ19PS5APSHR,703,3873.18,-45867390.58,422074.74,7,11
379,O089CPRQOED20978MJ3W6WKITQXW1R8C,386,9183.65,-43694900.32,284424.98,4,17
380,PM43Z8N4F8CSC2XRE45YD43BUPLIXZO7,281,8057.04,-52445815.02,33445.46,16,20
381,UFX8W2Y34DO25PK48LP032XTMQK50OTI,611,2808.31,-29524589.7,74023.51,4,16
382,VYTZNENC8VOLQVSP32SXXPCV6CC9FUVF,763,4638.73,-15537097.55,288464.59,14,10
383,39QBHJ2F7177L9X7KPO727I4VAY44YQB,947,4251.99,-52647887.99,284238.76,4,7
384,ROTLWS5DPJMB937TSIH41W9KCDWMFJWC,518,2058.92,-39750489.16,113681.45,7,0
385,L0EE1VGGS205NBBV3VK9S6VSKIX8G4QO,422,4020.22,-65812852.26,327708.17,12,16
386,KCU52T0JYKIGNEDNFR4VCZOLV19LVOH7,634,3326.18,-61240379.9,324914.09,20,18
387,KJBOV0FUEFK5HV8F3ZVN6671IIC77JMG,748,7466.7,-37625149.21,334880.38,12,12
388,UGAYIGOX11MQ4S8Z7J2M9U74W77IH59S,658,7054.72,-15172294.44,367424.77,3,8
389,76XPOJZRE5YRZAUOEDEQNOPRCO79XYLQ,345,2533.55,-36647739.93,355553.16,6,8
390,4CW9L8OMF8TOZ4F62TU8YTBUCIFIU2GH,895,9878.23,-46348103.55,63795.26,20,12
391,7E55DZWC6KDZBWRM4VGQIBJVUT55CEJY,294,3109.8,-16309486.29,285364.89,17,10
392,W3E8E9VCC5STGN6XEPW2DPMII3C2TBJ0,598,7420.0,-55708265.84,171409.16,5,19
393,PURWS7TCG396P9LD41ND3FLSG86VHXYA,490,4507.72,-8845650.31,324541.66,1,19
394,F9YXA45ZQ5D7KD1XEJAKTM8NNQN85CP1,491,5222.24,-48357052.09,236160.49,20,0
395,P5HHFL7Q9GSYB4D6RXV7KXBUW1RWCR29,807,8212.79,-25948852.18,18281.6,16,20
396,5E9ZNUZKP3HVV8XDFO3MLXFNWQI68Y1T,277,2764.09,-53427351.2,303238.27,16,0
397,Q1N3BNUJTSQ9KYXHYJKDWBDTKX5CLRWW,342,8998.73,-26045731.37,44801.61,20,12
398,7L7JDV4D77JD6EZVO1J27AA4XGOJFJYE,78,8954.25,-53971449.59,169521.76,7,17
399,NE7LKLEROI8H9O8XUW9K0PTX73H4JMK7,465,3473.72,-42063311.5,215148.51,1,10
400,ASEV2FMSVQV7FNVAKE0X8NMAY6DMG5VZ,356,2334.39,-9387440.5,155810.53,8,4
401,0KB9ZSRPWJX4TUY4RFL8S2MAJBBY8JQK,690,5048.97,-68806002.16,83887.53,10,8
402,SPUCRGK4H57FT5STYTP1RLJKO24GCIUX,804,9151.49,-46310509.0,415129.12,5,17
403,40WND8DQXO2TPXJMI5XWH9DT2MFMJMUV,820,9225.38,-29677533.18,251825.36,11,9
404,EUAZA5FK1QCMJKN8AH0VIQLMD7ZTUC3O,383,2661.8,-44644959.83,98445.88,10,3
405,JI9XYAUJDRPZCLZHP7UBJZ334B8PGTGM,933,8360.42,-29173732.11,84898.52,0,6
406,5BAQ48NMOSSR4MWG9HIDK2RP8KLUL3ZX,794,2618.9,-55891712.98,427479.09,11,12
407,DFM8FG91ILDW0FA4115L5BCAZJLODYUW,754,3235.52,-34857516.47,152529.58,1,10
408,CG1GED8Y1JNEVQRA6N05H2Y2RXMYACHQ,132,1213.59,-32428246.6,462511.01,8,9
409,B8TBCTB2GKYM9K4GL1YB49MUHQ6A3AV4,500,2054.59,-18437185.59,106455.99,12,17
410,WC0JE3BYR1NV2W2CVUCECSGQA9AMCFLX,334,7439.3,-59626274.75,71809.25,18,17
411,5ZVFVVB05HL98VD2TAJ143RLPLI5X06J,759,7104.39,-22445250.79,249564.58,11,6
412,I2S9TKN62OVRMUCCFK7CA0VTYNBLR3OK,222,3138.53,-56139201.59,177365.53,17,8
413,GBQQGZWA4ZHUZ9BQIV74URHX00UPJQOY,672,9680.91,-50308825.85,494523.84,4,8
414,CN62URIQV435PY9D4Q1IFT8HV6BP6TEP,224,1791.33,-22156423.33,447636.33,2,19
415,52BCYFHBMCTKEDF390QNF48Q8714N3NL,478,7530.44,-35224696.84,407983.07,0,1
416,J2CEZAG9TFP0T3Z1VB561M4509G5ZWHV,185,59.03,-27889172.74,129947.9,1,8
417,6VII416437A8Y7SE1LU2BBOOVYD4B0DD,838,8737.88,-62737474.48,308868.79,10,6
418,UMIA3VLKN93ZGX0L2CMLMW3FRHGZ0L7V,726,7268.31,-31055843.05,449487.68,12,18
419,PAK3LMTT23LGKDI8GPEVV84PE4QZMVL6,295,9612.32,-27047092.29,3974.3,12,8
420,O6B7JLNBKTRD8NGN6RGDO0PZF3EZAXFU,420,3907.78,-47841720.58,63296.28,16,2
421,233HFQ98LAVC3O7GRILF5ZA5CQSNK3JD,813,295.23,184752.34,326100.8,18,13
422,7F79GUPV7FOR2CABGTWU5Z1N2FYX9XSA,413,5452.83,-53613145.38,495724.16,19,7
423,8L2CZKJXLXRNVW6RJI7K0C82UVDIAVZR,337,5633.77,-25122844.52,448998.47,3,2
424,W25ENJCZICH4X5TU6RDA4LRENMH273BG,80,5784.19,-56595518.67,288712.04,6,20
425,FBEH20MCCV7BKCO5DUW8HE5VZB8ST9BW,266,3664.37,-17519102.61,30591.3,19,13
426,FR12DWIX21JG806QPA49MOXPM6ESJ85K,326,8824.76,73077.75,36217.6,6,8
427,AKPY6H7CYBP8UUJYTSAUEFK666GVQP7Y,751,1785.26,-44972352.44,313147.73,12,15
428,OYCZOPZH74XQ4R16F06KKD9KRBV00NA0,654,7135.24,-56634070.58,372779.25,10,1
429,QXQV7KEMUGW0PIS77RKWYFG82ER518UW,432,4770.13,-42956376.4,471888.6,11,3
430,5OQH32O83YXHNJ4SMRQODTHL800AVGZP,48,8622.81,-61308527.75,190713.3,10,17
431,COMW9SZB2R17TH95QFHY1TUM0LEK9Q8T,351,1740.05,-58136568.83,244291.13,0,19
432,SOYXHR9OSGJZOXB5XEO4UV8VBWR9AV6B,711,2741.21,-54857893.45,490743.06,7,0
433,RQJSZXOY2GHD86RY1CJAFEE7JLMMC1XH,525,1070.4,-28273756.26,164335.64,1,2
434,ZEZ9ECM07O4BOBPJ2EHEDPPU0FZI6LKK,176,4080.14,-38939973.59,258874.1,19,13
435,FLTJG8KA6DI7RJYPTAWMAOVNIK26YEB1,138,3830.3,-15422846.67,384211.95,10,10
436,Z59A9EOL020602PCHAKNNQFLGF0XVK4X,56,8711.6,-21471392.62,60864.61,5,19
437,AV763QIUTU4FGGN4U3LVBAYKLLS0C3KD,142,7575.13,-46550067.59,109681.42,16,15
438,03WDA8OPPDBOKUX2FXI0WWD20JYEFWEX,944,5218.39,-68571151.78,156814.68,16,17
439,A3DLVQUGGU9JSU820TLWGCNZ6VI7HVRA,189,6961.16,-28181090.35,200102.21,15,0
440,RHDVWBMGVZXCTP8KUQQ2RO8V25N08N7P,843,6259.83,-20659683.92,157895.37,9,5
441,3ORN3QRZ7KDOYLS5QJG3F3HGB1WA7D4I,59,948.34,-48676534.94,116851.26,14,15
442,AQKV25ZVBK7AD22ZR79QS0O93OXG3LA5,304,5236.7,-41603447.31,397849.3,19,20
443,6QK9T1V4RIT3UCDWRNOVA4N94DFFZZ6K,855,2420.27,-59211040.03,48736.08,1,14
444,0BN8SGPAWB067I78JA7L8M1UE4RSA24O,114,1284.66,-48125699.63,272952.35,0,6
445,OCOGP2MUB39JPX6GKYDMS85JVJWB3UXL,710,2982.73,-50214752.02,337778.19,6,12
446,H4RLDFMTMMF5O1TAKW7TSD84D903A4LW,558,6840.9,-30188592.84,184482.1,18,13
447,GU0FXXL53RRP17SHYVUNXUGYNIDOXUEL,941,8357.79,-29116816.35,435093.02,14,14
448,MYC187D2CL22GROG0OI9MS32L7UYSZIQ,660,839.71,-35569405.05,227684.96,6,13
449,409QDR5A686AHK5ARRE2E5SZK2IW9BKA,923,81.42,-60780668.72,304559.67,3,13
450,G0CN2VTH2U0VJTZI3U9HQIBW0YJXKGY3,869,8235.21,-1379554.14,367334.75,0,16
451,PQDISK0B9HYIZMSW46TXX854HFLZ83JB,257,2847.37,-48519519.74,467148.7,4,19
452,RVXZT3RMHRBRZBI8XNYKJMM01427TOXW,604,3320.5,-26623068.28,134800.43,10,15
453,JWY2I0ZDFB3PUNF9484JNIF7US3N8ZAS,194,2745.63,-15249431.93,439053.16,3,17
454,VFDZMD2I4VP9URJKST246DC0OM8C52F5,393,8891.71,-64379289.88,320562.19,10,14
455,O9Y5Y48BEPAMY7WUE2Q4BDE7JVMLNIZ8,307,9293.59,-31850129.74,212842.49,5,18
456,AOUSSP7CVE23JVVJ2WXB1M5YG7EBCNRX,61,1888.24,-60419658.62,208576.18,9,12
457,HXF25Y5AEHP1L73AGVSP3YXZ3RHSVOMH,109,2978.02,-44519671.44,451171.54,8,6
458,CGNPBFYYJMYWQVOIWWLJZ26VCP9O5FU3,67,8207.27,-36891468.69,484758.49,13,3
459,VKWXFPFTY1RQ6QG2ZCF9VR92V40UGTB1,343,2934.0,-29961316.05,151445.11,10,19
460,832AD7WBRXY2U6V13UTEHFWJ22ZR5MJK,704,4012.01,-14833369.87,489872.73,0,9
461,I1FZZM8KSU19AM3I5OR2LD8KD5JFPMFY,777,6856.08,-30369343.88,267396.21,14,19
462,TMH6ZFTMA8F4X1DKVMBNH7Z1IGVVC2VX,585,7604.99,-16596375.25,442309.55,5,1
463,ZO4WYB073P2HESGS5KEZ6P3LBFVUVQVJ,528,9346.84,-35451555.0,403483.38,2,2
464,CSI8FUJS7ZGXCLJ2IHQY6SP8YKXU37IG,408,4570.99,-68252571.47,385530.54,17,3
465,T2MJ581DH7PIL3X9P9TFSFMJEJSEAECJ,204,5369.97,-10669250.36,105119.75,16,13
466,K20DVP7W678UE7KKFL66JG3ABJ5AK97M,239,7196.12,-37786023.99,55522.51,8,16
467,7ESP7ENO2UT8UXY5YMMCSXY6Z2R5HMRL,36,5063.96,-61650449.18,258057.26,1,11
468,7YL3XSOV6WJ048KERBPODFSFK1YT9XZK,240,7520.88,-16051565.66,386982.8,8,16
469,H4RZMH2J8JQZZLAWTROVHOSK8KN7XJJ6,633,7571.53,-13484522.62,49611.68,4,20
470,05FHQ1VNEMK48DB04BRYWWG548UZ2IAW,680,741.11,-23871434.6,176934.95,9,13
471,LNNOY842E2AACQMBCLNICPDFQKXYLVSS,399,6366.91,-53514409.32,465579.24,8,13
472,IKOP8EU6S0771QH4N003LQZVOHBH1DQH,183,3348.02,-64930545.2,438942.34,1,13
473,C65N1TW8Y7XD2CIAY2X3XUZOR023ECS0,930,9120.44,-15483047.94,194072.81,15,16
474,1Y9Y0D43XOHP50NMJ0DPUYRYGWWCG55V,498,3575.59,-3270460.53,243014.91,13,15
475,VQFFY0TWO1QO68UT392BYW7IF31X3GCA,880,7330.0,-29620649.29,111522.85,2,7
476,7K49ZQP7HA2EJ2M4ZS5FOWYO02FB01LK,385,5325.03,-50073170.98,215285.91,16,10
477,XPTL3E186L7P7QHUJE2R724WWE696SVE,966,8640.49,-41048087.56,309781.88,20,15
478,ANO6F9R1S54PKUF6UW0AXPHS70VCGF0Q,162,3100.91,-28838098.25,102466.87,19,12
479,7C3KKDZNJ84V0KFXXT5KNP0K5SE6FGCW,147,2665.05,-9492150.87,224293.61,8,3
480,UHGBWAE0DGI8ZSA1JH34X2VZAPLJ80RD,811,7475.15,-5273326.23,260069.12,17,9
481,P7DRJC43WH36T487C49JAPFYKPY4XN07,790,8222.65,-58015536.85,91252.67,10,3
482,2FWB923YIPLQ8R6XZBINI211W59ZVW9T,503,572.56,-64019559.83,43436.1,7,7
483,U6JWGXOKR50V1KFZGDZO6PUXKN7XJV4T,21,194.42,-40671215.27,262992.56,15,14
484,1032DW4TQ4A7QZQE1WRRD3LG0NLIEPYV,642,4218.88,-42247529.36,212023.08,20,8
485,35CAU1SFWFN7LEUSH99D3PV1IVET85AA,135,252.17,-37222846.52,260582.56,0,7
486,BU053ODO6ZAQC0MR73L7BZS1132QO1F2,849,6196.39,-60562679.13,201511.66,4,4
487,3Z5O1EPRN4XBW3XD0S2V63CR1LZIPZCC,34,3807.56,-22783779.53,90766.79,5,7
488,U8F4LISJUWU28LEKPLCO2103RNE33FIR,557,7703.22,-13001418.53,347933.17,1,20
489,UECLZR6X52AQTEL5AFFX2SCM5K7AZTSI,73,6022.17,-52254516.77,172353.96,12,10
490,NQRTLCYJN8TUOJ3QUK900PAUWUSHJAMD,678,9294.51,-33313154.99,473350.24,2,1
491,WC4TU8HJ8IH2KNQ5E9OFR0Z5A0W5BTCZ,141,3576.31,-54898696.58,383535.14,8,0
492,F8X8Z1LWRE72F11OTOZSOZKN70LYOZ3Q,765,5085.0,-30844621.27,215435.2,1,19
493,59UCKZ0UJQ6ZTUICFDWRQ0OLJIRJEF86,115,6110.36,-46617474.77,158616.27,15,20
494,V4Y3D6CAO73COWWGHVUQ8FKMAMZDBKU1,828,701.58,-27977125.29,417226.85,6,2
495,AZR84AEY4DUNGQ8TFK0BH4BC2IHYAJ1M,743,1328.51,-22312338.66,121788.22,9,20
496,LP20J9A0X77V0WOAWSA4YHOXLSRF60ID,778,8092.44,-12097105.3,73455.71,0,14
497,MUPBKGG7TIDS8QDCHFZFV1XAZ714RMZB,145,6240.18,-10723539.32,122377.13,17,1
498,PCNSXS9AYCCH14KO5J3Y18I9BNFFSPIG,233,9588.72,-35450806.06,234955.02,12,20
499,T8MNQ08GVY0SX5GOM2PLZ6GH2DWT6OC9,451,3052.91,-24112599.5,273110.27,9,15
500,EHMPMI8OA8OCIKQCM0AGB6SXXB08IM6P,174,1888.16,-2657857.02,50673.28,0,11
501,1X69AG2SN9LW6QBAJYO9TSHZKSRHVQBQ,917,8852.73,-32984538.53,188049.37,2,17
502,I0101PRDNF75ANA4T2YY18GTH3PPAZXS,338,3107.86,-14486787.56,184190.66,4,9
503,4T9UOOZMWHVPY3Z7NQ3LUOBEJM2K897F,570,1090.57,-37264175.8,383518.13,5,19
504,O85WAUADDZE7BKLK4H7ES54S15ME6LZL,806,5853.39,-65193971.62,110729.88,6,8
505,XH58CGYYF6BULW55ELQ8XDSHBART5EP8,761,9864.51,-10562571.81,497178.5,13,16
506,0T65JH4VTCZ8YCZ5VE9QF7FPHSJT3XVA,568,4661.76,-8894012.87,483694.97,13,8
507,6MJZCSV07IAXLJNIRNC23NUZ7CO1WSK8,103,4790.39,-32440820.3,284032.95,10,10
508,W1IIDH33DPA2C9R3FMJXMJL9PR0TEZIF,104,3110.69,-61166763.81,259807.61,13,6
509,SFUB9CM0BHVGIA5U5OL019981VNZJJ34,118,3672.76,-52750132.05,411538.81,17,16
510,1VPH6WSFS6Y60HUMVM0VAUE8SX40NNOF,50,3833.9,-13257417.31,250469.39,11,18
511,JEB2GDGTLMJSVS3X8ZNS9KD01GV6ZS2S,646,8521.37,-44615343.25,148117.7,5,17
512,JTG7ZYOLS3YGPRJJTI4DC2IPBASW2QC6,87,2410.83,-58723972.23,235061.82,6,15
513,576GPAZSJX4SA3NCIPU8HWZDSYSGX893,64,1800.75,-11035297.29,155642.23,7,17
514,OHHAD77VLAXHQ0U6N9DII3KUWH69615O,212,2078.08,-57655477.21,430621.48,16,10
515,5V74QMTPLSR32ANIB7HPY5621T2VAQQ0,856,2006.6,-46109073.47,42093.73,16,1
516,C40Q66M2L1B6DIFML8R6UJZAPHAHZ3HO,77,9432.53,-55281874.66,171155.09,3,12
517,O9J3DGK2LDESHH2PWITJS2R63PKI10B5,418,9655.7,-55235357.11,367182.6,2,4
518,U1GLPIPUUOL735M8L77UJWMWDEESYU1W,614,2379.46,-21725522.94,215234.75,20,18
519,XZ1GHSFXT8IIDI7J1N6NVKJLYMWQIY5Y,181,2494.41,-31669596.37,12118.3,18,8
520,SFDYR3CP5XMEEPVJ42NORSDPHAZ52UMF,284,2272.73,-20413363.7,38437.48,4,20
521,11SP7JA167MN7CN2GPJZ3TWFXSRVL3IU,431,6620.59,-38366906.24,63581.78,6,11
522,R7XPYJSNWCQBZPVBFBX8E3KYRHKTEM0M,647,4981.92,-442721.34,313095.9,6,4
523,V9BF964F4RV9ROL3YPP4FIFH421MOG4P,959,2662.0,-15912985.97,12304.3,13,15
524,KDGAN6DU62525E6C7JXI49TSXG5L4LD7,618,5909.35,452688.64,74597.74,13,0
525,XTRGDNDSYA2FKY9VPQ5B88KHO53IR64B,997,9721.75,-68094273.21,162802.29,15,12
526,LQL90K2MQZN5945L1YDO02H3KJQD35O2,377,3791.63,-49256882.53,469082.37,6,5
527,V0UBKZSPN5QPRG2MA70P7Q2K1T5JFD9H,215,3700.28,-33828590.3,196555.46,17,20
528,3NJ050RX10NBQ4U4S4PGD5K55JX2GDHX,302,8700.08,-11425763.21,6000.12,19,15
529,1AW1D7Z0W76OAJ1CRXN0HA6F55GGILHJ,835,3730.05,-9586684.86,28318.12,18,11
530,HGP1P6EDRQVQWDU0SP8WUYBJOUCY2LUT,170,8608.35,-44736650.79,121529.97,2,16
531,D3DPK9SL8ATPSFTOK2JPRMSZGJSZ3S02,773,8137.94,-3521731.76,128721.94,18,12
532,35E1UER3D7E3WACUGKQ6WYWL4HACO3C5,179,4231.01,-757742.91,383536.12,6,9
533,TSPNHNNMHMUFZGX6BL3KGX7FC6MRQ4T8,982,1577.12,-46106308.6,319215.57,15,18
534,ORJL7OZ3N3W8U9AWOVA9KI77MM2PXRHP,534,4721.9,-19627459.49,24449.79,11,14
535,MB7EFGCY5NVZBPNS6DJGFOI08BLT8G10,746,5546.13,-34408273.39,201512.74,5,5
536,BAR7INBZZJ0NILNYQ42YJ4PWIVHPIZXK,616,8565.41,-10028126.48,380378.77,18,7
537,RASN20RYEIXYBG2OCWW3BTAJ2B2MTEXS,1,6028.31,-60912238.2,437094.69,13,8
538,UCXXPX815YSLEE7HSFMSKNLV0N02MKAX,53,8607.02,-3210374.2,208014.8,18,10
539,WWQIXMS2DZU0U68QNW2UWWYU8D6SP7CL,878,6670.19,-24440960.31,201331.35,8,11
540,A8ASJ8CR1FUEN7MDD7C0WNC87JKRAXGV,228,4212.01,-11211165.64,237165.93,19,16
541,AOKOKODMWOJCAV9SXSV5ZSQBP18Y3EJM,287,4080.59,-42590013.66,151866.15,17,7
542,UMSTWC0A4U8279ZTI90M1Z2NSUZMRX22,901,8724.3,-5515046.03,204123.19,8,3
543,0XK9JO21FQ12IBBMTU6SFW2SF7ML2753,494,6094.51,-46023784.92,406144.76,12,7
544,17CDPMCQ3SYNPQD8L8LS0CZIXXPV28ZL,893,8597.33,-16150912.88,408070.57,17,12
545,KHEAO0J4Y1PPK2RWMBM4M4YEUWQU0M0Y,961,2554.32,-65915155.75,188369.5,15,15
546,OC2QP0IIDFJXND3U4R2NFPWTRUPYC7EJ,511,2725.87,-18399298.68,47462.43,12,2
547,3XB760TMRX0J4BMMSLY7WNZU3Z0LYR40,370,1559.06,-54903978.16,102155.39,19,3
548,4UUXDL2K70LAOJ54YK6U78V8N80VB2W6,461,8627.6,-22734798.79,253779.92,14,15
549,K0GZI0N7V1DVVJ47X7T1WA2DMY744UQA,524,7027.6,-16611932.5,448549.69,5,4
550,A61H1FIBM46UN3WES4D1HTTAK75UBWO5,717,7722.88,-66656358.03,433250.56,1,12
551,GBBXTV6O42HHZIVEZPNJGW0WTR6RLN0P,320,1597.02,-62162100.78,479824.31,5,14
552,VWM41N3VCQMD6K6N3CB0QNFUDEQY8EJV,357,3091.66,-66741963.07,102032.11,17,4
553,7DWWDZX8BR6OCFSQSNFXDPNGJFF9F936,90,3417.14,-3624717.95,472057.17,19,1
554,UV0XE8L2C7KMZWS9222SH4ES3T03PD9I,742,9097.64,-51403657.02,433549.55,12,16
555,WFMDPXW8JRE2K781WU467TS0UCU1T9G1,98,3584.86,-66327834.03,473847.64,12,1
556,LJBYYAW0QW7E9F91FAQZPKP22HN0AKN6,699,9239.16,-20610923.36,250285.01,6,1
557,U8AY9CRK2MVP4VHCQGP2X5MIQA8Z591Y,236,5874.63,-44535574.53,55782.21,12,11
558,IOSENVBXGJ476WH8JBV8BOTNP77MZVJ1,389,7997.96,-63818371.54,179784.74,12,12
559,O2D6W3RTX2UWL9M7CR222JOHGS8D1PX3,934,4094.08,-65911109.91,499816.08,18,14
560,78GSQA4V2BBX562J8YRSXDA4MTM8WJI1,199,4904.75,-59774663.86,439168.37,14,11
561,P8K63FVJVUO1H4LM24YI40758SF3YG5U,62,4540.35,-2957964.42,325718.37,14,11
562,EOIK84VGFMWSIJEZO0D32UCXNBZUAPQY,522,3132.06,-16517225.69,187080.48,7,3
563,BX03RSG6JIS6V1FFADVW8YI4CUWKUUNH,146,8371.86,-47384680.97,163842.6,16,9
564,7BO6PKPDIYF4ZJMWMU5YMWVYPCF0YKT7,223,1788.12,-8593044.64,411468.71,7,19
565,28OL28IGO2JHDOQMJLD8P2O4CJ2S0NHB,388,8936.13,-28772716.96,367341.56,9,2
566,BPO0HA7GJ7VLRO3H768W5O8AR6IQB3E1,910,5959.29,-63891226.23,106061.99,15,12
567,9UGR0KL4IWU6J8RICF7OK4Q7HXYC7VUM,741,4932.84,-66971483.6,383544.29,16,4
568,ZMIXBZXLMPKURY8WH3V8DOTZJGU9FABZ,15,3694.32,-20136639.2,453765.45,4,14
569,MRWTRFV5PNOLXQBZZSUFD5WIF606K17V,861,44.68,-47910330.51,202018.36,0,9
570,36PNPDKLXPNMIO7LHHPR0XQ1FCWNJB6X,912,5724.9,-30038463.15,337885.61,20,19
571,5CY9XDX46BP5DMMIWMBOS79IZTWK8DRN,446,6219.43,-44219521.61,425901.72,6,18
572,XB96WQV2YM3LJHUX6BYMQDU55OOO6KSQ,872,2585.93,-47530731.09,338295.28,1,10
573,YLCYH46O7GHAAP4JE3CPKHA296U7W5CS,745,7579.52,-19002622.67,461911.28,17,19
574,D1VA5TX5M8OQLE0P2GZAAKXUGZ59B4DP,197,7903.75,-18879426.6,64383.75,9,15
575,7UST67F11OIX6EHDFNE1KLMTTTACN853,477,7643.34,-16566072.8,437439.86,1,7
576,WU0R8D46PAO9AXVLTHHU2DZYER1P26YQ,134,7895.39,-63196748.28,188946.17,7,20
577,T2IEGYMSEU7F1F33POW8Q0IONGUFYMLV,862,7817.54,-26030163.47,312116.85,11,10
578,8TFFTKK1L3TS3JTT5CV1UYU6KGLKAXQ0,533,5575.85,-69032549.99,330813.43,13,15
579,IIBSRNFQ329G0VGMQC1KQDY6STPAZJUT,121,7501.31,-65761214.79,152242.08,18,12
580,3IWS7BBVQ5HF6GU5WK2PQQCKXCR8P1FB,527,6871.6,-29880772.79,99179.37,0,1
581,LLDQSOR1FBG2ID18SO9USP5DH8DOHW9D,33,7935.66,-61201559.3,442502.44,4,17
582,K2BTLL4YH4PKV6HMYRX8AL4KMN3NFHDW,216,1885.63,-3588575.84,344262.84,15,10
583,HV713V606BGJVSU4UT8J1U2MDTW92YKS,792,3501.44,-21283633.64,167804.16,2,18
584,M540ZNXM5KP9GYV9P5TNQ3MDTGZ2DGXH,154,4124.74,-846315.17,226386.36,13,4
585,QBQS6KBCA73Q86MIKZ1DQYSMQDVA1XFD,575,4669.74,-47052045.78,387574.7,9,16
586,4YLGREBX8OBJ34O79GOLY7ZLW8KMC7IQ,775,1300.39,-26178638.53,252934.75,6,10
587,QQ0QM55ROT8CBDHKCYB5OH405NNW60WE,129,857.9,-17345509.88,296089.72,16,8
588,2SZP2TF863OS5LJHYSRUHXE0DPK906XA,203,1669.33,-62625775.05,175217.87,1,13
589,RW6R6EZMAKV381U6GC2MQ4G2F5VNSEDT,577,4355.1,-26832417.49,177450.68,6,6
590,0NSIL0MVQ8RXM2KFF2GK44YAVAXIZH2G,152,7698.15,-45613762.09,194523.69,19,5
591,LTH5FZJPQKNVKYYVQ6LIFLNYTV89LWWV,925,7522.76,-55583122.84,44401.3,15,10
592,F9T4XT5WQ9RORE5F0NRBTW1MCTKYW1AA,526,7883.43,-50980898.48,53341.98,2,13
593,W1EK30HUP4JPH80S1KHNSHUWZPRSYB2K,448,4907.94,-49323140.52,17245.44,0,12
594,EFFQJI4GBU6WIU4GCBWSDNNRRILE4DVL,116,3754.0,-25287735.69,72591.4,20,10
595,9VUD26IMV3HRJOUBW4XUUFAMY005F60F,397,8922.21,-8104061.79,269981.56,5,3
596,NULXNVEKFCIDT2KNG57695EHAOFI5WHE,412,9074.56,-2699038.16,198558.18,18,14
597,MT3M93MDUTVOEZ8RT7B2LDMNJUUX0L1Z,358,589.16,-67922684.89,433249.63,17,11
598,UKABX1UVRS3MB3FVVP290KZESPLR8MDM,417,4541.79,-4653764.77,82364.97,19,9
599,05VWNDVAHB9WCB1W19JSJN7WUKGN22NQ,31,549.28,-40770008.34,394844.46,18,11
600,D4YSPNWW3JW9DWTWBJHVJHW3D70SX49T,635,2234.19,-12752948.1,420234.32,13,19
601,DA5X2QMV3KZQPA5ODM2JC54YAGR4B2XL,801,8862.47,-24162814.32,96308.3,0,15
602,HM78AEAH6E8SYA6CVRC6PYR60GEI3RAF,427,3762.94,-12249767.39,207813.46,17,18
603,NPON320S5LI9JA95DSMWQW8CVY38ZT1C,125,984.16,-44819530.54,284229.01,12,9
604,CZHSVS6EF1A2JUS4N0RQS6W60GORV9MC,786,5803.93,-60416957.26,216990.35,18,8
605,ZQG7VPA830QF8GH1BEJM23NTY67A5QIW,260,4077.55,-15937828.01,112512.93,17,12
606,8D0ELOZ1N1JCAFQLSRTUOMG28MGTO8NS,411,8105.64,-20157710.34,485306.59,0,5
607,H1EC67XNYLCP6BE1LSPZ18PTI4CD1JGD,824,7233.57,-13404380.45,198384.12,11,2
608,TNYMDER4BWDAUETLYTP6YNXLANO9LA1O,812,3333.84,-68996799.33,68256.21,12,2
609,4BVK4ETPOJ4QD8O9XJBX6AI12FE2YRPX,705,1112.75,-38540581.01,112884.0,16,18
610,RZYOE19CURETXEDK0ESC4OOM0QWK37Y0,915,244.45,-59923842.26,356554.71,0,10
611,MO0M1GOYP4FWGNPP4ZFEFSLO8NT4J3QF,832,3852.06,-10753310.69,151816.09,18,13
612,UM95OCYIL9V8T1AFOKQV0681E1STB4H3,970,3191.33,-10812712.09,334304.53,6,14
613,VVZOV6EC72M76RHQC1V4ITXWLU26WWBE,885,7310.82,-35274770.62,439301.77,17,8
614,N2MA9G8N90OGH8UYJL5FQWCI0NEF5C23,936,4992.77,-26188648.0,421830.48,14,2
615,W8Z8DMUJ91SPNTRIUPD3D2Y6ZV5F9BEK,387,6564.45,-34314086.56,473121.1,0,20
616,SR6PO45P7XRM467AQ6GOD18ZENKSWZT6,25,4781.77,-28196982.76,284268.63,8,7
617,MQA11CN129FB262I6QEHK2BJFCZRQ1KD,84,5296.8,-8193751.66,167783.31,20,6
618,9MACE9RX0IV7Q5EDS4YNM8VV8XATYU4F,632,6604.3,-8761507.26,85330.06,0,15
619,B7GA1W06K4TVW3MY5Q97FOO0VOK4BBQ0,186,5492.69,-9693681.29,300735.81,8,0
620,EP7GACVH9L0G0IMT0YIWJDTTT5HQ7NUJ,26,1978.81,-68398553.87,429544.09,10,19
621,UFQPLLN03Q037ODUXAWV8AIE3XLDYJZ5,340,9550.85,-34161317.42,318548.11,9,1
622,ZO4JE8GDWML90YH0LIKP2ZBR0ZGBN5MC,447,3123.95,-42651529.72,232947.44,12,14
623,YA0HCLVCX5EYJV6IKCU0N6JJ351IR4NX,214,6352.01,-63206511.78,207441.01,10,5
624,LM1JXZ0W8A5D172758RGEM96LHSFL4U6,553,831.37,-19236833.5,394871.56,20,5
625,21UEH6U1853OGOOY03M1RMUC51U5NHBT,532,7172.27,-31926086.97,278194.24,19,8
626,J78IT9IO0620NNXV21PCJCI8N8TDKRVR,644,6009.72,-1812170.59,357295.7,13,6
627,64LBEREO1F1IGAYPXSVZ86WPV2GZP5DS,651,6772.25,-48056633.77,461203.38,20,8
628,C4AZL9UUMDN7XLCBPGSGJ1TI3599DXTA,384,7913.0,-69087318.25,384989.47,8,14
629,P7PLN5BCGYRRFAS8WEFWW43JL6R2WHJQ,714,2824.81,-38515957.98,30614.09,2,11
630,NG4I837DCQQDHF4T4PYZALD115E707KX,621,8834.49,-1706573.98,385088.01,4,3
631,P0JM9QE63K127CBWW7B25EVG048DFC5Q,423,9401.52,-22682572.43,479192.82,16,10
632,W96WNEGNRC5MDT5X5U257CE046094L80,505,1537.05,-6761767.4,272931.79,17,6
633,D68KAW8JW5S6GOYV2QZ3DIA2RXWFPCFE,299,6245.13,-16457915.62,405888.34,12,11
634,WFA1CG3T8EWVEIF3HGKS8LHJBXC3CNIB,371,6430.86,-55037421.74,86164.54,5,3
635,H3G2F6B7LQ8MBX7O6XI5MRETFZUZVLS8,100,4338.03,-360168.14,430940.4,16,19
636,CZDGMBBL49NTPKMZBLNHYCCMNHBC7MLM,619,3228.9,-28397949.74,111939.93,4,14
637,8FX2087181UKTN54109H0QE3A45DDNTC,241,8167.38,-14859703.79,496659.06,4,7
638,QXGSQOG2K6T5BDU6IDXT57V2XPRA7UZO,376,5757.48,-39362819.15,84109.21,9,16
639,19ZH4O5RIUQKWGHEPCERE2L979NJUX1C,226,9151.56,-15400598.69,406493.76,11,4
640,EPWI0QFHGX86I1FJEV1X47DMSW6S2ECS,178,6212.13,-21799537.93,449239.63,9,20
641,ITT5WM8XOZAF7IQNLHORVKPXK7ZFPZBS,333,6041.97,-9497082.74,285635.8,1,1
642,NVENYPKV1IOMC1RBAR1VEIYRGKK6TY04,831,594.61,-13071857.1,486399.89,7,8
643,96X7LYRVJWKM5GK1FJC05Y7QCE759TH2,484,9113.7,-25583012.53,182788.6,17,4
644,K9FYWNYCDNKMFU1WR88CG2YWDZPSBU6R,540,6453.19,-15453138.48,219771.45,6,6
645,HX71XOAR2654WN7L33XYRW9TNXJ3RHCQ,674,1187.84,-56083406.65,404494.5,2,11
646,QOACFT9A5KQMZSFA81BBHMDDXHHYGRI9,601,5140.15,-49504507.33,65869.27,3,2
647,X0M5UL3LBPVJCW3DR60OYHVGB56AIGXS,12,3511.09,-64776271.55,160018.97,0,15
648,ZAXXSQE8ZD4WTWJXC0NVOB8HGN3JEHLV,909,7175.04,-38554506.65,122154.04,5,16
649,A33N2PFT3D7ZWPWDMUNM4ZK8WWE46WGP,957,2927.07,-21235633.34,263154.53,12,14
650,POCNTB3ZAWA2CO5N2NWWXH8KWGESTPS9,837,159.5,-39809774.02,380343.19,2,11
651,13ODPXOZS2HJF428EG47NSFWH7GU0G0S,482,7258.8,-53214140.64,145318.04,16,14
652,STR79P7GHU0DJKM6ICXZVAF2VLLJUIGF,41,6314.42,486538.93,494971.96,8,18
653,Y07VWHTEE62XKW1LGRE6X2J38IVLACJ3,544,3139.09,-9803368.51,650.93,6,5
654,Y4X7W8EAZVKY9KGRY2NKLLPX7CV2TQEP,809,699.81,-59544687.07,456035.95,11,15
655,HDIN152HB5QPUZX3EB8RA9A4QIDFZ7YB,133,6216.39,-66639608.73,169815.59,16,2
656,O2J4GJOBRJP1HOA9P0FFLMQUUV0TNPC0,509,2170.47,-63995225.34,214729.76,0,5
657,RFZTL7RXZ471C2ZVP1JB7XTNDR9RHBZR,225,5116.29,-48481344.54,431632.27,18,6
658,11ZVXIQXH3UBCZQIM20O4HUW56GUVZ1F,819,5772.64,-58300799.89,175073.66,2,5
659,VM9B2E5GVR0F99CAFWOENTUZ7I8S2DDW,574,5237.98,-51764940.21,98088.96,0,11
660,W4YPQBB0BO4PDJN1PNT8VN8514GR6DHV,643,8370.83,-9103669.07,55655.66,1,0
661,HIZ4QLZJBDU0KHD4FFFFLSCCRVFJJ5ZM,63,9246.14,-2870313.25,234405.91,19,13
662,K4Q6OUXBXD5MQF4JRDXOJHS5G78S4JU6,679,3800.51,-5230658.33,388891.13,20,17
663,0B30NHGXI5VB6AVK9129LQA9HVHDVM84,900,5334.34,-17484401.96,213950.55,16,19
664,7CGW6RKO3BEAVK1N4PJ53UEJMS9V5NZ6,322,4084.48,-29289806.6,139856.97,11,0
665,5X7OYC4LMQ3C9SU1RRCV7UZLFELR25XU,815,9637.43,-61447235.45,126355.73,11,9
666,D970URUT0EZ84ND7QUGJ26E6CM06JXNP,382,1452.07,-47110934.22,242213.63,3,19
667,656QIXOLEAAN3PHKJ1GPRG88LLUIARCK,595,5749.29,-30488986.16,280420.48,3,13
668,KLJUJ7YXCN665479L0PYIVYS26LOXZQO,157,2993.42,-3030726.34,154667.86,13,15
669,EL9QZUOBVKMQZDPE4NSKWWBKSMED9B9Q,784,841.91,-31346601.76,164187.0,3,19
670,D30BMNZIHFYAROR3I9LLYNHT0G7CUEXK,329,1838.03,-35506420.38,274618.21,12,0
671,9X8RPDWO5IK1Q2WBZFVCMQMG7MQHQHMT,842,6100.2,-67394007.67,136911.67,7,2
672,RT348QO5FJHRL8O04NLH8K22BN3AYJV9,779,3105.49,-51579008.27,304257.38,7,0
673,3WORAINENWGC8KFDN1S3T99S7Z7S00KY,39,1341.92,-50103527.29,277391.12,4,13
674,WI4IOWKRJU15M7CGOH7D79STAQTFHCW4,992,5372.82,-19299174.69,170155.62,17,20
675,9KLK0R495KF3JS2X124T0JT0FEMKOB5R,762,7021.74,-43106941.81,460649.46,12,17
676,TS80SDHW780YKVQSP1FIICRWP83Z1U1F,3,9494.71,-6234297.51,276687.81,12,10
677,ZV3SIS5EIBF6KO3XMR023JG5JV8YEE3B,379,8234.18,-11342951.09,250873.14,13,0
678,DCILQZY12WPY0BBIJBU20V6BQ6K1VJAB,588,5208.14,-2091606.46,402233.89,7,8
679,RVSF82SCOD0YA4NBHGJCIQ5R4JPIRLRO,150,1919.34,-36852076.9,85868.43,20,13
680,CR9V8TSJ6RSALZIQ34VE1H2VXIV4CQXC,13,1906.96,-10169380.48,451703.65,20,6
681,RUBEHKI0YGHHRDSGHE0HJSBMJ9VZ0567,800,1879.81,-61934393.89,251621.71,10,17
682,LD5W6QQI88FRD8YJDBF65AVX8F0Y9O22,32,8335.78,-55583679.52,395289.68,10,7
683,X4A5CXLMULJWVA5F9OD9STJQ8OAEJ19C,977,8311.71,-68286829.83,146414.61,0,3
684,E2NW7OHY5I27SG0XB7GHPDF534FC6VOJ,493,7522.88,-21563540.85,325265.51,12,16
685,9X0E60IKBBNYLJ5MBK8AMZNBKWIEJTM4,487,1110.82,-26296155.79,495432.95,20,18
686,SO6P67VFOFW3STEPQHB8ZBU9HQQE1M8B,321,2152.87,-31777701.3,253911.21,2,10
687,52OI8XU83VO0D3LT5F76Z6HCMC7JN4RS,952,9414.28,-48316775.52,48485.68,2,1
688,H5VXI3Y1184ICC7XMBM28IDDZCGDH34B,666,8712.34,-7745513.55,178123.11,6,8
689,XYZEBJ3WD41TBHQ998EE4UB39JP79NJT,749,674.2,-18733091.75,16831.55,10,20
690,K57MVQDBJ6YQGTSJWZ0W1VFEZO61MZWE,924,535.04,-44946526.85,458043.02,15,9
691,B0D7WVI5L15KSV84JV3EM0M7BV51O9MD,279,5844.32,-27652249.29,19814.38,5,2
692,YECQX2FURDWX92ZLG93DDWICCKHTUL9D,663,1615.95,-60624809.64,114052.44,11,2
693,YJGMRQ920PUG7FKTS123JMHNZXC73VS3,994,8063.87,-14701120.5,171558.4,14,1
694,3FDNTLW6YMVXK2GSJ18L83KCN32DT2CK,438,9768.03,-7784690.86,147794.82,15,19
695,LM3OCPSK0GASX2Z2KUESHUTQOVUQ1CNC,161,3193.5,-63651935.54,409023.68,10,3
696,HC5NICVOL9FI4CI0UYXFHETTC8JGRZ4V,865,1875.01,-1436127.35,335911.96,3,7
697,GYD9O4BKYAEMMYL9MIBCPXGUS24NYUHF,8,8393.23,-24958040.4,232403.33,16,12
698,OFJZT0D05MLQ3UYYDDEQOECSYDXW6AQ3,96,4315.88,-6735769.39,321573.05,10,20
699,E54EUYKWRT6ERFSHZHZ2IG7K6ZSYQS7Z,88,6827.92,-58209513.64,474781.61,1,5
700,L1T6EAAR064CDZRAAIHJQ596LL0ZR2YP,381,1092.67,-21407049.57,377319.43,13,0
701,RZIRZR8LE0CVDZ1UC9UJZAKNV0PD1U5N,774,4293.21,-1935881.39,80630.75,9,10
702,6PYN2EGURLP5UHRYU9COXHW6NWYR8RUN,555,282.15,-19467505.73,464847.77,3,14
703,ZEUTLLVYNBE0Z2O69KFITAFGZPDDNNFA,45,8066.64,-68468544.29,465744.42,8,7
704,C6DMF5J8ONL5KYQ2RT71WXFQKMDBOT3R,366,4288.23,-13042519.45,271019.31,12,0
705,8JLD55DHMIHQ0X1B8U96R9LWH41UE281,985,4389.4,-62045206.21,96635.09,14,7
706,0Z4RCVXGIJKHWUYWV2Y8CKO49VEPJSN7,548,8585.04,-27005590.06,1183.29,6,7
707,U5A6IM5ZRQZ4I1KC7X98JQC4UAVCYJJM,510,548.47,-15706395.11,471671.88,10,0
708,LD3QGKX50GH8472UUQ9CCI9HJLKEW8ZL,363,82.55,-41425160.05,38349.98,20,6
709,CZU0HSI33Y3UGZ7TQ6KUAE3N21INHJ2X,569,4221.14,-58411901.59,255192.98,20,9
710,K4LPR6GH5SNLOEIV31HOVDAC397SLC43,795,2591.81,-69405181.01,335273.31,2,14
711,Y42S23WZOSAFD817OV9FZLXR23D6JBLB,716,4782.6,-47022269.59,312503.29,13,4
712,XIUOGSSMOR9CIAJ0KIHFP2QP8MIJFXHE,760,9297.02,-33646265.07,185623.34,0,15
713,SRWECAIDVG2YB6QL30T8494MZHWML1NC,70,5417.5,-63470364.91,162266.57,10,0
714,YNLNXUITP4ZU0CGPJAK9SLI7NB6NR3S2,97,548.36,-62964417.75,41904.1,17,9
715,04EKC2N3FWXU4SO68NNFOY7FCG7CIIOI,23,8572.15,-61597166.9,347743.98,0,3
716,TLFT0RX5OPZE0VFRTCDXAO0DR42FZD4F,394,7924.93,-1935452.8,42258.5,9,15
717,3BJ6WWZ6OKZMO2S88MOYSLZHY8W0DBHY,6,9324.85,-990482.91,98873.04,13,14
718,RTBLP3ZB81QKNBEITHLGXFA2GWOKQ759,737,5300.33,-15590019.89,192095.75,1,2
719,F3RLR9O41FWIB5V687GZLV90OSACEZ4R,600,9078.99,-11105291.72,275438.82,9,0
720,GLWRB517HJM33J5YD9KO4108GXGJ8JFO,327,9534.51,-65724702.6,332981.14,5,11
721,N3CYR7PIE5OWJ85XZBS7NXME8K7V5DIV,283,4130.77,-36591505.7,9890.89,10,10
722,I6UK1RR8AKLQKNZ4HLSZ0TLLGRL8QR3Q,996,5192.0,-23926757.11,215003.14,13,9
723,WYRBFG6A9HAGS7AMHWL7NOOQVJ7J7G34,948,9227.43,-65356510.14,141430.54,8,11
724,A9U0RD7AUU5ORNXALY2CUNZF3GX08ZXF,392,7525.0,-47531380.66,192128.21,9,12
725,KOYPNHS8DIEQFPDO6Y2WPNQQO4FW38NY,987,4669.4,-51065980.31,484689.93,11,16
726,U4T32AE8FGJAQNB9PVPZG8N2YN38CKPZ,653,3653.78,-23880396.0,413686.32,19,16
727,KF4RR906Q9WD1TNU9Z0H7JDLZLC7FFEF,776,8521.04,-66446568.64,74569.64,6,3
728,G647LEXNWY73ZFVK238VB5SDILZYHM2I,200,5316.24,-25516772.14,265648.85,5,9
729,RQF1JW7FI1N9PTIMH2F037VPRK85NA7I,543,9850.79,-57245485.07,434860.02,10,10
730,69RZD9Z8SWSTP8ZWXRTT96QIVPZRMQUN,496,3924.08,-68095821.51,239841.68,10,4
731,M0W60JONK79AVMKG3KPUH0MH9CJQ7BJU,554,800.08,-5245074.6,29255.08,18,11
732,52ZB6VFP405JH57I4UWKT0FRXDFVWVQ2,164,3159.15,-28272473.61,454272.13,14,8
733,CEVTWCSB1OKJ1AYYIG5X73YX0OYJVBE0,60,6948.3,-25177237.89,239922.11,0,7
734,JH2756PWYWEFQZR0FEIIUT3Z6Z8D18HJ,967,7658.94,-9509981.81,39945.71,13,9
735,28BHD620JH6H375IK0M1SZY8BUK0IEOY,38,2338.01,-23136715.59,304299.31,8,16
736,GKS37A3AN8ZUZ2EHXPNAFAA2N5D30H4H,552,8571.4,-11953211.01,106761.16,20,15
737,YT9TCS91ST5DL5R4DUJPLI5001LARJAX,16,4737.82,-29756857.97,190171.31,7,1
738,99ZPHTN7YWU3UILNTM68THG0VR3OP083,565,1077.74,-1880700.88,312170.55,8,20
739,1PXAGYS1AHA8QXQAW7XT4IKYVG3I8GUQ,860,3629.29,-19124901.31,120980.82,9,17
740,0DG62LGDAXIYBGJURX3ALTWVC6AFRCVJ,833,9633.4,-23922126.04,224965.71,6,9
741,HZQP9SGYVGL0OXOHAL6CW9V075LINAAB,292,5729.69,-44040158.03,322661.63,2,19
742,1HOB3B9N3VXSZ943K371L0PJ5M6E7LSD,439,8098.72,-69078770.61,177106.54,4,12
743,XF0M632MSMU1VIYCALNQFYEW5SJHWH5L,898,7756.21,-58459483.85,247962.98,10,20
744,704NTRBM4ORFIY9NNQXCKQO52WCMQSUH,956,2773.5,-48598300.54,276326.72,0,14
745,R3CMCJIV2D0DG2FNTKG0Q551PG7UPUGF,390,8719.58,-7016141.83,71622.93,11,13
746,1XOBP47MS5K7EI1WTAY7LVUHNZE2K8DZ,796,3796.87,-27938223.82,103795.17,3,8
747,TSEXFH9LUJCZLK1Q90NBM8KHSRT89BG2,2,5737.46,-47960045.03,124137.67,7,11
748,KMQ78KNCGMBT8OFZ1Q6RGHE9ULYSUK2P,46,9136.0,-43073513.27,76868.25,11,5
749,5IUCD7X0VATRLXZZ0OFJQAPPMAGB70FX,450,7373.91,-54047682.88,246748.07,2,6
750,UQ84A9OUNM75437O6UT1C7GHQJ2QXNIN,889,2921.91,-47498015.79,242488.61,16,14
751,FB1DNOFSG9SAO3QV3USMCIJQCD9AOML6,81,6891.82,-54368536.48,81883.01,7,13
752,BI7A4PUBI72EZT4GHOGGBE08XZI89I44,969,6525.26,-9529543.3,323911.1,4,19
753,B2H0RW6NSUKEFVROLOOTWM2EZMQLW6T6,938,922.91,-67731619.77,227828.04,19,12
754,GV7RETACC5UMPKP403QGAF8T6UAHMMPT,286,2846.36,-57168751.12,242406.67,19,6
755,EFRQ9K14DOG1726OV6IZ9HWKHLG8FRM2,827,5734.28,-63674661.02,447204.85,20,1
756,I3ZGR2DPEBEP68FPZ1TTLD014MAJ7DP3,246,1070.32,-59131354.86,210128.56,10,4
757,0Y8MYBL9VMRDX4NIQ4TKOQ4JD4DNSSOU,458,1848.18,-2133717.14,186066.16,6,15
758,UCQL702VPVR8PPA5IMQJPXCHJHK1W08W,442,3628.07,-53618538.46,411430.16,19,6
759,RXT69JZMISX3A1066RXUZ8RYHFQSY82O,206,1541.2,-47244754.89,314150.29,9,2
760,GQ2X5JDSXQYX4T5C780OVYP5MNMJ27MD,662,157.95,-43234525.65,460065.91,4,5
761,T1SGK5MUA6LVUWE5IDK2JSVE8QX4VYOI,459,5590.33,-43827028.53,309690.48,6,0
762,UWS5X6RGQW89X598OVXG6S7O7D8QK2YD,884,8215.0,-15756969.29,212028.87,12,16
763,JZAN0XMX1Z9BM1PI7Q6T41JPYMF1S8RQ,354,264.46,-54502094.51,37607.77,10,4
764,PSCMF6DW6QOTZ4DTZTV8AULZ92YHR5CW,255,1236.59,-61896682.21,196528.24,16,7
765,4LQSZWXZM6XL5NI3PBJP9F8SDMJB09JC,990,198.33,-21539783.11,183032.6,14,6
766,PU9KFQ1ZXOVI1B127SS5HNQC2WIC8RK0,661,8882.9,-57254576.68,125902.18,12,19
767,JJ8OCV6DOR6PQ0428XROK0MBJ2NC0O0Q,593,7475.12,-68077131.45,285479.7,20,8
768,QMTMSPN30MWURW3Y2ZVK45KYZQAGMNHD,940,1612.26,-46148991.18,209670.42,19,8
769,EU6U7LU2M99HIPXW3PPQWLAGTLMZ7TMO,529,7202.32,-10135224.66,364278.53,9,3
770,3K4QXCRS6A1J1AJK3TU6HB56FKUR486U,173,5993.38,497815.57,347726.71,17,7
771,GEHRR5ONW4KJLK92L9Q65HBUHU19J5LN,160,8511.54,-7865589.53,76335.32,20,11
772,2LEOGLR8JAEQCMDBVALFKJLTWX97UZF4,69,4521.14,-27896005.34,177687.45,10,6
773,UI682NS941A9PKXQM6BMS5CTNIFYAEEG,560,1617.2,-23986217.44,437857.86,0,18
774,FR4Y8H31OPB5QQMJQRYS65O02294B1Y7,398,1913.69,-2059148.25,337872.09,11,13
775,UVRX8QI2Z354742ZPT92DPCF8F71RDM1,629,1953.2,-12589732.24,406119.39,0,18
776,8BRP1EMT9YXAY21URQS6L07H2WR60F91,139,141.71,-55611237.58,349483.33,4,16
777,FA9OCQJQHIH1MTUYAZ35GC33U703QEO3,891,7246.12,-10606675.46,317099.35,1,7
778,7DEROZ2PC1KBNZ5COBUQX5VWAX683PI8,770,3792.69,-2757716.3,410788.41,7,8
779,ZB7AVV9X5IQCE1VR6VNRTFY6S86E65LQ,323,6325.49,-5545163.36,129852.59,18,12
780,U0AKMN4HCYEGPJK8O2V3AW7WZ9FMDEZ6,514,2898.4,-28195520.45,141811.11,19,14
781,PTGLWUU8ZJ7FUW3GLO7D5MEN3GOJ7CFC,256,6773.83,-51459653.64,319952.47,12,0
782,JL2WZE4GGUDMNND6NI5VDAXJZ4RCZ9YN,547,2888.91,-48223106.73,282856.49,9,9
783,WBQHXCUSKNIJG64D9OBKMDICIEDKMYJZ,508,3455.55,-17731276.55,92645.33,1,5
784,S4CYEKL9LX4FFMOKCA2QORV48GD62LBS,293,5581.73,-62147991.15,12792.22,15,16
785,MEL3VS816X5CZJBK7XGSHQ18B1QFDDB5,896,3681.84,-13708306.39,490000.8,6,7
786,TARGNE4OXLHBRGVNR3IG78S59HXO2HMO,457,2032.47,-55709045.53,34708.67,0,11
787,GEFV03FOCX5FDU4LCCS3EBT9CW620A9A,308,6043.62,-39536776.18,455725.84,11,1
788,85F9NTKAT9GSGQWRL1V395XCWQJDUKKE,469,2413.95,-53590969.69,410560.24,1,15
789,JYIT5M6H02PGFTAA5NKF3TW3U3JN96NA,168,626.95,-64584019.88,214519.12,19,3
790,0LYD9TBOD4YA5WOKK47MD5O2DNJN54IB,648,3382.06,-59010366.04,76401.82,5,9
791,WJAC5124IYZC5K9DCO6XX769PM9IPKZF,507,8160.93,-29821980.1,58242.67,14,4
792,E9VY7ED5DT9YV8HLN345UPU4B83HBVN3,244,5938.53,-20284427.02,348360.68,14,1
793,3Z68XMY5Z9M18W5YCC4YZ60GQ7P91THF,407,290.73,-54947735.61,217280.97,5,14
794,KX9BQO38FQDT7UNR8TRY1VKH4GYT5GE1,803,8056.04,-3113421.54,358090.23,8,8
795,6KCB91VZGNEEQ1CSKOFSHHDZ24XN72O2,986,1616.77,-28569322.31,145379.15,10,20
796,NKYV5TTVCVEVMFM8DPDU523F7Y223U73,793,3478.72,-44791997.57,212363.17,8,1
797,QC97ADAPFIPJB4A94M2BW8TSOVC8KDTA,789,777.36,-38880367.32,435158.23,15,7
798,R96QKEZW816QI8R00VN8QQ2GZIOBH8E8,444,5232.06,-44861192.03,158465.69,13,6
799,5IQ4ARY6IC15D8E6X7N7R7NFGUP8WR1X,30,4560.0,-4296198.58,345812.79,9,4
800,ULY07Z8IGM8QDR5K4ERK5SX7OET7K4TO,700,5887.92,-62797198.42,236264.45,8,7
801,O7R2E5O08Y4XL8W7TG9SZQPMBFMH9O2J,506,7723.78,-24720365.91,403507.28,1,5
802,N134S8RCTVFHYOFHT0JNQU1DSGX9Y4Q5,374,4724.37,-41736111.57,90965.77,1,3
803,ZXKEENX5CLSFFGGNIJD4VYB9LNA9JCEH,747,6637.21,-45772942.5,377254.71,19,19
804,XP3TIYT2SYFWN345C6HX2FEQDFXM1SGG,624,9138.11,-14045775.03,114973.21,17,12
805,5WINBPOT8SGNTO9VINU2N9Y29O5VDNAW,567,3980.32,-57755946.49,204342.45,10,3
806,TQQO3M93D0JPGYQPZ8O34FN57FZEHS7Z,535,8731.05,-296463.01,206595.81,19,3
807,G4CR6G7GFASOXWE8A4DWSU9Y7WFZY3YE,375,4392.28,-41900279.42,494994.39,11,20
808,A5ZY7WA35J8D6MO6PZT8E1IO4CTR5GFY,499,3983.54,-63925911.14,113411.5,17,6
809,OG4D99XGET0PEK7E2HSAROP0IZICV082,517,9847.13,-9024318.96,447700.12,15,6
810,147SVY0VDM48O19QEYA9R9I6CZ7EO3RJ,798,9173.66,-48379564.22,285534.25,0,17
811,SG782W6F3FUKCXL0GWTUTH81436J8WPY,841,761.42,-12601928.73,437651.51,14,20
812,L8A0MQ20IDTTCGKSZ04Q985VRXG26SR9,583,8099.89,-61564533.0,292664.37,14,11
813,QGYNZ6LZRXGOGW9AW5OI8EYDTL5I75BL,584,5025.06,-14117982.81,211808.13,14,12
814,9LCOSDCE984H46MPJDH5WQSVAYXOZLJ1,904,3705.74,-54658435.2,418180.59,8,7
815,9LJD6XF9M36LOH9VGQUS80245P4VK4XD,537,7408.87,-7808363.46,302352.97,10,1
816,KVRA1KUHDCB20G9DT62GIJFNWW6KECBT,949,7984.6,-65753859.14,7066.36,7,4
817,3Z8FPGNYY2PM6M1QXQ4TWMZLZHHQAUBM,564,6441.25,-5585396.99,80237.49,0,13
818,VCT18W9PGB60YRJEORCXC1WAARDGDEAN,845,6505.33,-47804047.9,490648.81,2,19
819,PAI0QUCUNFPVNJGR2QJD0V7ZLSCVLNCV,879,1261.58,-35011731.79,143821.39,17,7
820,4EWZXTP8AF9T8LJUIGI1SHU6CG7S3XAD,344,1063.2,-29534038.95,311393.78,17,5
821,HFL00IT9R5ZLFVKOVQ5QKQMYXUB8W341,468,8408.67,-1577567.38,398433.88,5,19
822,76EVO22NGVLFYY5BZ05JGADK19OI9R8R,188,735.24,-59147218.62,449539.77,9,8
823,CI5P9UA1I020MUP9FS3Y8AZG4RK26D2S,42,8960.35,-28366367.53,268150.12,7,2
824,I75BDBBUFLOMMXGAO2S51X3F0C9L7N7L,316,1373.38,-45438754.04,275597.97,8,13
825,37ZE67IN2ZAP8SZ1HGJNRG8TPWY3AFN2,821,61.51,-12228535.37,285863.11,2,20
826,AFZRXJVPMT1YQ7K1NDXF1MV1VWXZEQUQ,744,2785.95,-47862491.43,92259.93,4,13
827,RCW1XGGHYAS9978QYKSCLR3VL77GKG4P,466,891.41,-26674591.02,49565.96,0,13
828,HRL0VPL7EYQCILHUE3KPLUV7Q8SAKQ89,676,7881.21,-1472668.59,69789.68,2,9
829,4E6124QR1PXZVC5POBN337Q1JYY3JXZF,159,4471.11,-28301284.53,477373.13,0,19
830,NSF0XHPPC8Y53B83HNHQVU556NSQX8AK,752,4700.87,-23813432.01,59496.97,8,14
831,GOEIQEXSJ11X5RZM0U1LC9BSVJ3ES0JM,315,23.62,-17383529.83,407552.54,0,15
832,WNF9YSYGBZ20KT3BXEFG1WE24TD876GQ,151,57.67,-13445652.27,187919.48,6,14
833,RJACF0MOZ9XP1PGAK8PR6L2F5O3KKIDZ,54,5847.83,-7137436.36,483357.28,1,19
834,E4FLC1DYAW19H9TQZ5M34GE5SLZDI470,739,4415.97,-11757594.4,99427.6,6,16
835,0OR56UJGLA6V4FB2SNBH3ER9DNNLDX7K,211,8295.43,-40734923.27,21162.2,16,17
836,VP43VF4DYNQ5CQQ3VABMZFRC970WKLRO,74,1870.11,-49287336.36,150364.2,5,4
837,AZFUHUC2CMWZCNHPJ650J6UJ55ULM6T9,406,9537.52,-5045408.65,9061.53,6,10
838,0AINWJ1YAJ3745CQ2PTFZ5JH37DUMJBC,607,6054.91,-6614561.33,78142.97,14,3
839,7NU4DEUD487W845V2XWQG7CCKSJZO701,191,8599.12,-727610.92,452724.13,13,19
840,YGO4AZQR56IUYG2E099KQU5ZS6K72Y4A,180,2355.91,-29343785.8,152424.19,1,20
841,ZGVQ5LQ31OEDLAMKBR5V2DL1JMKS4FAG,395,7679.38,-46861274.57,185665.15,1,1
842,IBP38IF3MF24S8PWIX4T2274KKQEF1VD,932,6805.96,-14836330.84,399248.44,4,17
843,H5GZKQZ7M9G4N99NVB9O6TUFT5A2BXY9,715,7696.45,-12361912.55,472585.18,18,18
844,ZB0SS5F6ATIVBWM8PZRNKKG5TZEMDH7H,756,5388.33,-65226909.53,242609.85,19,1
845,ZLBSNA9O7S6DPWC45SNMMW0TZQWNX8CQ,285,7329.88,-30939776.23,302306.3,11,7
846,GU8MNN433Z8OLE7LDP2A6AD39YA4TT2R,993,9008.57,-36644445.98,458697.73,2,14
847,31CQ47BZEBZITJ32ROV2HZ81NOPK4WGR,220,2949.41,-43594470.66,70816.85,10,9
848,T6CHC0ENPFJXQCTUR8LLCXWSZ2LNQFNE,243,9394.39,-48969110.42,410621.1,16,2
849,TE27WOOK4YGU328SY3FDEMO4234N70MV,475,3006.24,-63329826.42,192142.15,19,8
850,OSY5SYA15C5O4OULDVQGI3TT3TOCJ053,250,6544.02,-69352294.81,312229.42,19,14
851,8RCAP8Q51Q2UU8IIR69C3FVZGF9J7LMU,310,3624.12,-22094334.15,263581.29,6,16
852,ZQSXU1CW9SDP8OC0WL6AHVST94YZNHYQ,945,5127.24,-54612901.39,441494.56,14,7
853,BOG1N0X9RKZWD94URVCWOVJBOLGLZP6M,263,7625.99,-62890227.0,451558.91,0,17
854,12XXJCLLWVUB10OOSBTPDF97840XHZZ5,229,9568.5,-62382665.83,440340.34,10,8
855,Q1Z8Z0LQXP18FMTWBZS7YW7AMKYFNNKU,369,292.06,-35082641.93,9364.38,6,3
856,EEYWDJPJ9VF02U5SUAI17VLMP9U14JVV,559,2911.14,-42505631.39,314571.5,7,16
857,7MVJI0K40DUSA8FFEB148CFT7FNHGGL9,473,9689.73,-68616865.01,27064.79,5,15
858,DJ9BVINM5XKYNM9AK94JVW2113MTPPAD,258,7599.87,-28336844.08,203452.18,17,15
859,9R2R6KHGFMSJLZCF0VK3I1WUAZRK5WYI,818,6180.62,-25277649.39,345720.38,4,15
860,1SDN8EWXCQ42C9SZA405I7G8OL0VP7NN,187,2323.92,-48516504.22,317929.74,18,1
861,WH6CBH45IL42GJ2SG1CJHVKF2F8HJDWQ,57,1434.28,-17880798.58,491004.59,15,11
862,AH5VO1KBY0MFB94IGRIRV7L0ORIWVG29,328,2618.45,-24268917.91,293230.47,4,4
863,OQ76TH43GFDJYT36B13RNGUMO5AIMOOQ,309,9752.22,-4624972.07,198635.05,16,11
864,24G628U6KB94XLNLP4UYYY2CCKZ30XHS,868,5027.48,-30099046.86,395378.94,7,20
865,Q6HZVTIIAD4OLKDVU2IYR8WTOJ6KL4F7,231,8059.92,-18684535.1,399846.53,6,9
866,T2OWWHELNBEKHOFU920L9R42DYQ5Y2OG,847,1952.81,-18401025.23,468413.96,7,16
867,Y1FH0PJL7LFD2QVVBDKDASGKCUQ8QYU3,9,4612.44,-14352525.78,305600.09,7,8
868,09XGLMM9YXJO27TLNR84O0WXO6MUYY8C,998,7686.97,-51472950.26,462715.3,16,4
869,7R8Z1XMZKVDQOSLAMY73P9VV56A0RPZN,298,7674.47,-7047290.34,18080.41,18,18
870,8GEN4P5EQV54HV2HUOAF6VTO2S77XJX1,453,8030.92,-33418391.14,454628.47,16,12
871,QLTPKJFH9UKWSBRIV7ZXXB40C4HE2LHM,433,5970.37,-13076097.14,318328.61,5,5
872,DP95ANH1I4GT7PPMSYVBECU4KM4YX8Y2,472,863.8,-55320425.32,29310.49,3,16
873,HO489SJL6XLKBH48TNW4N2M0F2M87M09,799,3465.85,-11805408.27,432410.71,9,18
874,S2MLQPJKFT1WFVZ222DG04S25CML0SP7,587,4905.21,-30720686.02,82628.99,5,19
875,172OBYPSUD2THW6FPZMQSR1AVQC6262V,623,6001.81,-59940871.74,332645.25,10,8
876,AF6TMVOB3479RAAGXL3BIHXJCEQTTGXW,201,852.08,-46033989.39,331310.91,18,19
877,5H2XT1LGBLWOCPOHRWKPMWCMJJKUBSVV,825,1852.28,-22587918.33,189515.71,4,11
878,WT9V3IE8UZ90ONT3EQ8721M7FTE1KM6D,626,3575.47,-6960563.5,498685.27,4,12
879,PIV3SMUP2BIAEURVG81AG2YAZDI8B6PT,426,9271.71,-8757762.72,180257.45,8,6
880,HUXO8TYISNROGSE7B08PQBDRPL0ZG5F2,892,2195.34,-10512958.48,379654.86,18,3
881,2FY6SRSJ6OXN4PQFR9KPVAMU3M5SDC9P,791,5188.37,-36439271.69,390981.16,19,17
882,6UE5R2DND1R7M5WK24V25KNALU6KYWUL,852,4991.1,-41093853.38,475071.12,7,10
883,Y1LO0B11A8MADC39UWD7U3WTH362TMJ6,834,8098.66,-52798000.16,453638.29,18,6
884,KFSEHH54ETR4B72EPWB7YA8E0UC2LRA2,736,746.72,-3084400.94,393341.01,9,17
885,LM6OA5E1UIFS2E6EOJ5SV9HW9PON425Q,603,6257.31,-41640627.44,2260.7,17,2
886,6BCM3O14WJNAQ35SJLHXBVANM4W3F4OZ,890,401.42,-60001407.73,275982.06,16,19
887,C5B8LZEP7TSE0597Q26SYVOJRQNXA1IF,753,9953.37,-49538518.6,488253.33,7,20
888,59H8U0ZVQIWIN61EJ88QY2WUYW6OEWMH,335,6282.8,-22238161.17,304036.65,4,5
889,ZVBZ2OHQZNNKOM6BU2YMCZXJPN6UPMNT,719,6040.29,-5140058.08,77007.35,12,10
890,P2D9K8NHD99JVWHIJYXN4QK04QR6UCDG,269,649.71,-40015108.38,62409.5,20,3
891,CN7BRTDQZUK0S20NQJZ4FILNZTI8OO47,628,6639.79,-4955960.72,136520.38,17,15
892,HZXAX7SLX8UQU1SVK7QTYK5DOHIU2950,467,9917.03,-42783647.69,133276.01,18,3
893,A1P6NFSOMOOBO2LIXA7Q63A5TNPSUCOL,951,4281.18,-35729131.67,177634.2,6,3
894,C6CYDAMPVD0G4JB6ITXNC4ID4KBGXLNF,727,7531.14,-56884708.22,341485.22,9,20
895,11IV8A4CDHO19H1WABAEJIR0QDIVKZZR,645,5440.37,-9740767.78,276413.97,12,7
896,W9HV8E6B0JDPMLCBZXJOBA6M9ZUW11NW,124,3051.37,-49504063.93,54429.54,10,17
897,90VN207KDTY9ET7EMNJA6COCLS3ZOARD,456,4109.78,-15660447.77,143354.55,16,13
898,CMZSIUJPSMI4LORQBWLQFBXGUCY2PF14,939,5283.35,-47979051.23,246174.88,10,6
899,Z82HA0SB28ZVQTRMXEKYIUJHD77I1O7I,131,8509.24,-54648890.76,285944.65,19,16
900,R4C67OY29TEZ3P44FFAF62GT1GTCVPNM,863,4333.92,-37753879.07,477498.35,15,14
901,SOXA5304AAEXTT09VIYV0JJ6USDMRDLX,40,3622.4,-66874499.34,99793.96,17,3
902,DFG6E7DMKUZP1H8V6FAI09BY0POL4NNU,492,5552.91,-41013761.87,358763.1,3,0
903,5ZJNR5NYNVLI6OFF0U5K4GMLECRNAUR3,428,8100.33,-1032873.07,188026.29,9,10
904,KTRZLZPPA8DQKX5124ZX11SVCQE3L4LN,89,4957.09,-11412336.37,258457.3,14,12
905,CK80A4OGJXDVS4GYE8PNB6BCCIB0GKNS,724,9843.94,-15367346.51,305594.72,2,2
906,U8D8CZANP6RTWIUT2U2VVXUEPEZYSK2P,209,8016.79,-35553849.73,8889.91,15,8
907,Y44RA5RL1XRPSUM5O9SSQMXXDUJTJ201,687,6667.16,-59012063.1,425006.79,20,2
908,UK9YJV8MJYQ2YLIZ2MDJ43ZA2KU1CPZ4,712,3751.33,-35088901.38,52691.3,10,17
909,4JJZD24R9Z0NYDRAWFR32WKPZBDF8CAO,237,9707.87,-59654876.78,148869.58,3,17
910,2KT4I9I5VJYH5YRH7W63D4XLEKRASRA8,688,3773.8,-47801717.3,435513.04,9,0
911,1S9XHQF9OM3Y4XLLC0QLYUSA3AFNNKOV,140,6126.05,-19180885.34,212059.36,8,1
912,768FX3RMK2FL8SOIWHYJ3OB02UXPQZU5,546,2599.59,-39120196.8,181932.46,2,13
913,7HLBS2WBAHASTJCMSZQAYT6THOM193LV,117,1999.79,-63137822.32,235431.34,12,6
914,185L3JCO1J9GQEMACB708D4RHQQBFGIW,158,286.2,-23776969.75,166658.97,19,1
915,9BZGL8ZWJWS3JK5M9AN97R1N0P9SJIOP,978,4001.46,-65025948.01,384588.04,14,17
916,6VFNIBIA8KEGFD5HMPIN3D2N8R03LBGS,689,4391.91,-47845118.83,366267.11,14,9
917,XLA8269XPJGQJ6ZE8LAA6OL5J4W7MZ70,275,9519.79,-35169384.71,3491.07,11,12
918,IZ8O5FMWY3JM7EXSSVOD2QVFCLBN52VO,330,2154.32,-57173155.18,444296.62,3,20
919,OU9V7THAAXEMR77U3ZHUKYV5ENHFH043,591,1951.82,-45450715.71,5601.54,6,11
920,1QXMCM05VBCHT53ZZK0QSAE59LP3TEKR,921,7813.23,-64806145.59,390440.68,19,7
921,LMAYXDN4Q38UVMX0BMIIZ6XG68IBW0Q1,441,9824.35,-11522248.19,54112.24,13,3
922,KLLSMSB4K15C79H2386AYFSCW4SL1OGA,549,7234.67,-43056319.3,298301.97,6,9
923,NLSLMWBFI5ACOHJ11TOSK9MZK9ADMATT,542,6097.16,-65141287.8,110382.53,11,0
924,SB1BUE71U9VVU5FP0FHWBHD7MV7GWA83,425,2529.02,-5160407.0,469507.44,4,17
925,JQ4290CBHKHCS038I2OFP67XULDDDBY7,612,2772.98,-25360676.34,327575.63,3,11
926,9L8XK5MS36J18FP27URRRVCCMAOF5PJH,580,5537.55,-46968042.44,11159.09,0,17
927,ZOBQ9LQPVKZGRCG093OB0B28FA2TKYE6,913,940.62,-35917652.92,40739.49,9,20
928,HJP6H69KDLLEFAX8Z06IP54WO61QOJVA,709,1383.02,-6611438.11,233468.69,1,13
929,SDEHKO0Y2Y0EU0B2X8ESBMMA9IUHZ3LD,894,8885.52,-31231987.18,112848.68,20,5
930,I2AINBLFJ0UWT54DY3NQ3RS13XYQR3WK,515,6281.3,-13933013.2,251560.47,11,14
931,1S1LV9RFPIWFF4FQHKVBYXPRL13Z1LQ0,707,9607.83,-41312718.37,437592.9,10,16
932,JHFJ1GRG5V3RLYD7Z3O8ITPK6AQIJJSB,876,6041.34,-9389233.93,204617.89,19,12
933,F8P57QNESPVV1ND1SEST5U6SV5VI623T,920,180.91,-2737306.77,291862.57,20,2
934,A4AGKRRW7PNIYFDJVNI4R20CZRX4NC4F,297,6019.34,-18672007.9,370755.63,14,12
935,79ZUQU911IMBHHRQ59H2PQ7KYJVRPBHO,360,2389.16,-45296412.42,400112.43,13,8
936,7RV219QWVNUQNDKOCBPP7EVPVFCS0S6H,262,7618.07,-29034404.46,216183.34,0,1
937,0S4SQGBZ6JLCZ0NVOL4W0RFB90YVLPRR,538,1352.97,-18389896.22,335965.91,11,14
938,5KOK9LE1G8A0K8BWHF276OEECXSKOVZ6,867,1061.42,-28477167.6,267338.19,9,10
939,XTUBJHS8CU8HLYNGG7ZX9TNLCODWX3XU,163,6482.36,-14921793.62,392949.32,10,9
940,NO8SK02MPOTUTP9RMCISN5A2OMMYVB4U,519,7760.66,-17853409.14,188693.17,17,17
941,H3FD4X8BO7LT61OICR3XNGXU7JO422XA,572,6194.58,-31393893.5,424191.62,9,1
942,SP8TP9M1KSYPZ88R0RPBZOSP8CA4WCA4,319,7642.03,-8124984.13,138115.02,20,10
943,HNDV7H556CP189AXP2IVE7IHA6KDLWI0,110,4991.37,-69058768.5,31211.5,3,11
944,4MMI8HOXGL3CWTCTWI5J02VT05Q3RNP4,911,166.96,-46262487.56,457140.91,15,11
945,JXUY5MBGC2TTPRCW0ASXZ5N1QM8D18MD,965,2809.73,-4737585.95,470625.32,4,15
946,P5OLD8NEXLIFJMIERIAEGNL89JTH5NK4,271,2732.74,-50663963.05,86208.11,5,20
947,OS5FERZOD6J2BVAWK7MPXR4WBSHCZXE8,143,5131.25,-67639410.15,327856.69,11,18
948,C3OMB42JCM0M9N9VNAKAK103MOBLTWXA,198,60.72,-33229746.53,362648.67,4,17
949,UYKH5PEL7CBOPUAT03401K0XSTNOHX92,359,1538.34,-38271810.64,140009.96,15,10
950,379EFSOJQYVNH246IU7WY87948196TGH,339,936.82,-66829173.62,353515.19,8,12
951,70SHOE7UORIK6DQHE9EHW71Q4BWJT7LX,964,3947.17,-40702041.42,456792.83,13,17
952,VZI3KO8IWCVBVLWR39CKWDYRZ1JNOI6J,202,1417.01,-6643341.65,178130.28,16,20
953,9D92PCVBXQ3U3YAEDSD80WDT83Y5SUE0,341,9593.52,-25195400.3,189561.4,4,6
954,59ZSOVLL0EI5ZEFFKPYHLCLQ57753960,656,2078.32,-7932502.78,48726.2,16,12
955,L0KIABI54QOR6LEG8L5T6LDYKQHAPW7B,213,3713.15,-47316118.42,410919.51,11,9
956,YB7K3T2C8EVDJAKFE6JB5VD6ONVM1V6C,605,4606.82,-28545493.93,384135.98,20,0
957,9681OUQL787BCJSX9YY4UKWOF3A8ZGEN,706,9147.82,-61653820.95,287499.6,3,14
958,ZJX3L3P0WU7RGDK1S1HD22PKUUWKB1WR,416,4812.95,-3153455.8,336135.99,20,0
959,2YVISKUA1FDEJY5S7LJO2QYMBVK5Q4XA,512,7704.24,-15646361.46,169755.3,11,2
960,TSEMRFWI6A5B0TX0PTUK5BGIF6RLBV88,245,4787.02,-6979071.04,170695.7,20,8
961,PJ5IXC01RC0HEYA4WYYZWTI7I82XPEX7,671,2401.73,-11531794.73,275348.53,9,11
962,J5O2O2WUGZ57ZO9CDIQMJ3NL67Y4TZKC,254,6044.78,-2277541.58,29665.13,15,15
963,O90PCAAF2DK3VVI9SQ6ZDF1DOFOQQK8A,52,8838.79,-62255449.37,483192.72,19,12
964,8OCGQWPB6AW15526LMCJ08PZAFQTFCY6,738,6464.88,-35484471.02,245265.01,15,19
965,2BSR75YA0GZAPWL1P515YO4HZKQNZDIA,11,9208.39,-7794586.44,28896.48,9,0
966,HEUVDRUGWV00N0EACTLLJBXDQVRPQS40,424,9182.32,-32316528.29,217418.92,3,8
967,6BZ4XMDCUHFRZE0PZDWQA8KA80TXU6PG,452,3015.92,-28889829.64,159520.23,18,18
968,R2C0XO53F8Q88B8GE55A8HU9WF781DYE,7,9956.16,-42375529.93,410156.74,14,0
969,J7Q6HH7VGEIW3MSRPSM5JFM3TM8GPQ2V,767,8799.49,-64774803.77,50843.24,0,6
970,THX1L1YMOSMXO3XIUCG17UT1ZHIKGZPH,983,9707.82,-28056139.11,400556.11,1,2
971,6W2UPET8ZPYS2SXQQU8DN9OPIW1UREOE,182,9953.64,-63353515.88,167541.96,10,5
972,I9MOAD4TQYEUGVYPL7KCGJRDLMBC3C8T,539,7482.24,-10713550.35,279856.91,10,8
973,T0YUNS0D81MSZBDS741XSDQARKIE5SZ3,365,1240.75,-19264352.46,105834.46,11,4
974,KAP2NSNKNW58Q12PZ72Y4FITYLP9F96M,673,3753.1,-47446485.5,297196.0,4,12
975,PD4SCMAUNDUWTMVJ348HRFUTZ8ASSM4J,622,462.32,-46878012.31,166122.74,17,11
976,5LH7XSG6KPM5T17Z3K6BQO20KK9KBL4W,272,2416.26,-65024876.17,201566.52,7,7
977,887IKDA0ZL8WK4T0SBNY8MQIDN4L9AR7,196,6074.49,-19496162.26,358871.56,5,6
978,TL8A2UXIFWY8VC9HVZZ91Y5FL9Y9JC0F,184,5936.13,-58191568.33,169225.35,6,16
979,5KJ1Z7Q2RG2OTZVEM0IJFQIK0YD6AAOG,108,8314.82,-49867948.36,255004.95,8,16
980,UP3NTTB2PB1Y511ZTW7O393ZEKBOZKQY,149,7830.62,-61021339.27,4272.82,16,15
981,GEPTOAB9W4UK8B15MASQ43AFES45QPIE,301,767.22,-8755102.05,333195.59,14,4
982,H2TZY1RA4FDC22BBNZARAFTFOK547E8M,962,8165.36,-55227458.42,328707.13,10,4
983,U56WD9TIHC2EU86ZW9R7BMWWDSU04Y4W,908,32.21,-422202.38,37951.12,14,2
984,JO0RT2EL9KAHLTO4RS6VUL80U2SDKQVM,692,7067.26,-38528944.39,81942.48,19,14
985,BJ61N3MGR6PIAX6CAOAWPCRAZ4LIRAYG,581,243.93,-41724822.05,261304.05,6,19
986,U0LSFTHY7ONRRNFSL1A9GC4WR7I9M0Z7,550,8338.36,-20590183.17,15058.89,2,9
987,C00JN6Y7F3PKENOE3HXNTFX21XJPMDUP,858,9211.72,-39775676.34,365461.29,0,0
988,FF6BBDNOS4TZHCMFRAS2JT3T3G2RD2R5,497,4935.83,-19235328.9,441341.04,7,16
989,DEUOL5GVKXK0TE4WX20K9G03GJJZZNIM,850,1312.64,-62780955.52,284576.83,13,2
990,TQDU66KBNO63W8WMME1WS38FRDCNWL0N,963,8609.3,-68567662.86,356736.95,8,7
991,D80W3OPHRYJ7X6MY723N9GWFZX37ZML8,153,9816.62,-26877639.37,239881.83,0,8
992,HIP748EM3ZFM2ERB1GWVPDN0SOBA5HKZ,391,6201.44,-68284853.65,209104.62,15,8
993,DHLHNIDCOJBK32DL0PVKGVRNMVJU9Z40,758,1304.94,-39869858.96,125953.86,18,9
994,DENNWU4JUQXMJJCRTNKSXS0W633RM5QX,405,9654.84,-24235241.99,89982.73,10,15
995,YF9R64ETSCVO1SOQX19D3210ZG4FDFUR,520,5591.58,-7241553.63,765.13,0,2
996,ICOHXATXG00FYF8TW5IO152UHCXNQWKD,989,5782.98,-21001456.45,390797.5,18,13
997,LKZBJ0U2K036Q2893W2F8FZGYVNZMLS6,683,6234.62,-31258474.88,93239.0,16,12
998,2Y25KXJD04394K2FXEXZIL0B0EF3M4U4,668,6041.84,-1526339.9,380134.23,15,3
999,1UXB37L6ZGXMF6RF1JP1KVFT5SWHYQ29,927,6400.74,-32988104.49,418260.65,4,9
